game,ply,move_number,side,player,phase,move,best_move,best_eval_cp,played_eval_cp,cp_loss,classification
1,1,1,white,.,opening/middlegame,d4,e2e4,37,29,8,ok
1,2,1,black,baselines/stockfish,opening/middlegame,d5,g8f6,-30,-25,0,ok
1,3,2,white,.,opening/middlegame,c4,g1f3,23,26,0,ok
1,4,2,black,baselines/stockfish,opening/middlegame,e6,e7e6,-25,-31,6,ok
1,5,3,white,.,opening/middlegame,e3,b1c3,30,5,25,ok
1,6,3,black,baselines/stockfish,opening/middlegame,Nf6,g8f6,-6,-8,2,ok
1,7,4,white,.,opening/middlegame,Nf3,g1f3,12,15,0,ok
1,8,4,black,baselines/stockfish,opening/middlegame,Be7,f8e7,-12,-5,0,ok
1,9,5,white,.,opening/middlegame,c5,f1e2,9,-52,61,inaccuracy
1,10,5,black,baselines/stockfish,opening/middlegame,b6,b7b6,29,34,0,ok
1,11,6,white,.,opening/middlegame,Bd3,c5b6,-33,-145,112,mistake
1,12,6,black,baselines/stockfish,opening/middlegame,bxc5,b6c5,141,141,0,ok
1,13,7,white,.,opening/middlegame,dxc5,d4c5,-143,-134,0,ok
1,14,7,black,baselines/stockfish,opening/middlegame,Nfd7,f6d7,152,146,6,ok
1,15,8,white,.,opening/middlegame,O-O,b2b4,-127,-165,38,inaccuracy
1,16,8,black,baselines/stockfish,opening/middlegame,Nxc5,d7c5,149,169,0,ok
1,17,9,white,.,opening/middlegame,Bc2,d3c2,-151,-159,8,ok
1,18,9,black,baselines/stockfish,opening/middlegame,a5,a7a5,165,163,2,ok
1,19,10,white,.,opening/middlegame,Bd2,b1c3,-158,-187,29,ok
1,20,10,black,baselines/stockfish,opening/middlegame,O-O,e8g8,174,162,12,ok
1,21,11,white,.,opening/middlegame,Bxh7+,b1c3,-184,-403,219,major_mistake
1,22,11,black,baselines/stockfish,opening/middlegame,Kxh7,g8h7,388,421,0,ok
1,23,12,white,.,opening/middlegame,Ne5,f3e5,-414,-423,9,ok
1,24,12,black,baselines/stockfish,opening/middlegame,Kg8,b8d7,417,409,8,ok
1,25,13,white,.,opening/middlegame,Qh5,d2c3,-412,-478,66,inaccuracy
1,26,13,black,baselines/stockfish,opening/middlegame,Nbd7,b8d7,481,469,12,ok
1,27,14,white,.,opening/middlegame,Nc6,e5c6,-465,-481,16,ok
1,28,14,black,baselines/stockfish,opening/middlegame,Qe8,d8e8,459,462,0,ok
1,29,15,white,.,opening/middlegame,Bc3,e3e4,-472,-505,33,inaccuracy
1,30,15,black,baselines/stockfish,opening/middlegame,f6,f7f6,528,528,0,ok
1,31,16,white,.,opening/middlegame,Nxe7+,c6e7,-539,-523,0,ok
1,32,16,black,baselines/stockfish,opening/middlegame,Qxe7,e8e7,524,514,10,ok
1,33,17,white,.,opening/middlegame,f3,c3a5,-517,-561,44,inaccuracy
1,34,17,black,baselines/stockfish,opening/middlegame,Qe8,e7e8,543,531,12,ok
1,35,18,white,.,opening/middlegame,Qh3,h5h3,-503,-494,0,ok
1,36,18,black,baselines/stockfish,opening/middlegame,Qg6,c8a6,498,502,0,ok
1,37,19,white,.,opening/middlegame,Nd2,b1d2,-496,-509,13,ok
1,38,19,black,baselines/stockfish,opening/middlegame,Ba6,c8a6,491,473,18,ok
1,39,20,white,.,opening/middlegame,Rfc1,f1c1,-462,-461,0,ok
1,40,20,black,baselines/stockfish,opening/middlegame,Nd3,c5d3,462,469,0,ok
1,41,21,white,.,opening/middlegame,Qxe6+,h3e6,-461,-462,1,ok
1,42,21,black,baselines/stockfish,middlegame,Qf7,g6f7,452,464,0,ok
1,43,22,white,.,middlegame,Qc6,e6f7,-451,-503,52,inaccuracy
1,44,22,black,baselines/stockfish,middlegame,Nxc1,f8c8,466,475,0,ok
1,45,23,white,.,middlegame,Rxc1,a1c1,-459,-467,8,ok
1,46,23,black,baselines/stockfish,middlegame,Rfb8,f8b8,477,471,6,ok
1,47,24,white,.,middlegame,Nb3,c6c7,-472,-488,16,ok
1,48,24,black,baselines/stockfish,middlegame,a4,a5a4,500,484,16,ok
1,49,25,white,.,middlegame,Nd4,b3d4,-478,-494,16,ok
1,50,25,black,baselines/stockfish,middlegame,Ne5,d7e5,511,501,10,ok
1,51,26,white,.,middlegame,Qxa4,c6a4,-503,-499,0,ok
1,52,26,black,baselines/stockfish,middlegame,c5,c7c5,500,512,0,ok
1,53,27,white,.,middlegame,Nf5,d4f5,-502,-506,4,ok
1,54,27,black,baselines/stockfish,middlegame,Bd3,a6d3,504,508,0,ok
1,55,28,white,.,middlegame,Qf4,a4f4,-505,-516,11,ok
1,56,28,black,baselines/stockfish,middlegame,Bxf5,d3f5,512,514,0,ok
1,57,29,white,.,middlegame,Qxf5,f4f5,-509,-516,7,ok
1,58,29,black,baselines/stockfish,middlegame,Re8,b8e8,520,514,6,ok
1,59,30,white,.,middlegame,Bxe5,c3e5,-519,-520,1,ok
1,60,30,black,baselines/stockfish,middlegame,Rxe5,e8e5,525,541,0,ok
1,61,31,white,.,middlegame,Qc2,f5c2,-537,-554,17,ok
1,62,31,black,baselines/stockfish,middlegame,Rxe3,e5e3,557,561,0,ok
1,63,32,white,.,middlegame,Qxc5,b2b4,-571,-567,0,ok
1,64,32,black,baselines/stockfish,middlegame,Qe6,f7e6,580,563,17,ok
1,65,33,white,.,middlegame,Qd4,h2h3,-558,-763,205,major_mistake
1,66,33,black,baselines/stockfish,middlegame,Re1+,e3e1,755,752,3,ok
1,67,34,white,.,middlegame,Kf2,g1f2,-747,-765,18,ok
1,68,34,black,baselines/stockfish,middlegame,Rxc1,e1c1,759,759,0,ok
1,69,35,white,.,middlegame,Qd2,f2g3,-783,-810,27,ok
1,70,35,black,baselines/stockfish,middlegame,Rac8,a8c8,879,906,0,ok
1,71,36,white,.,middlegame,Kg3,f2g3,-896,-920,24,ok
1,72,36,black,baselines/stockfish,middlegame,R1c2,c1c2,961,969,0,ok
1,73,37,white,.,middlegame,Qd4,d2d4,-1005,-1068,63,inaccuracy
1,74,37,black,baselines/stockfish,middlegame,f5,f6f5,1110,1161,0,ok
1,75,38,white,.,middlegame,Kh3,b2b3,-99985,-99995,10,ok
1,76,38,black,baselines/stockfish,middlegame,f4+,f5f4,99995,99996,0,ok
1,77,39,white,.,middlegame,Kh4,h3h4,-99996,-99996,0,ok
1,78,39,black,baselines/stockfish,middlegame,Qh6+,e6h6,99996,99997,0,ok
1,79,40,white,.,middlegame,Kg4,h4g4,-99997,-99997,0,ok
1,80,40,black,baselines/stockfish,middlegame,Rxg2+,c2g2,99997,99998,0,ok
1,81,41,white,.,middlegame,Kf5,g4f5,-99998,-99998,0,ok
1,82,41,black,baselines/stockfish,middlegame,Rf8+,c8f8,99998,99999,0,ok
1,83,42,white,.,middlegame,Ke5,d4f6,-99999,-99999,0,ok
1,84,42,black,baselines/stockfish,middlegame,Rg5#,g2g5,99999,100000,0,ok
2,1,1,white,baselines/stockfish,opening/middlegame,e4,e2e4,31,26,5,ok
2,2,1,black,.,opening/middlegame,e5,e7e5,-36,-36,0,ok
2,3,2,white,baselines/stockfish,opening/middlegame,Nf3,g1f3,43,41,2,ok
2,4,2,black,.,opening/middlegame,Nc6,b8c6,-38,-43,5,ok
2,5,3,white,baselines/stockfish,opening/middlegame,Bb5,f1b5,40,45,0,ok
2,6,3,black,.,opening/middlegame,Nge7,a7a6,-41,-54,13,ok
2,7,4,white,baselines/stockfish,opening/middlegame,Nc3,b1c3,47,64,0,ok
2,8,4,black,.,opening/middlegame,a6,e7g6,-66,-75,9,ok
2,9,5,white,baselines/stockfish,opening/middlegame,Bc4,b5c4,84,73,11,ok
2,10,5,black,.,opening/middlegame,b5,b7b5,-73,-87,14,ok
2,11,6,white,baselines/stockfish,opening/middlegame,Bb3,c4b3,103,95,8,ok
2,12,6,black,.,opening/middlegame,h6,h7h6,-85,-98,13,ok
2,13,7,white,baselines/stockfish,opening/middlegame,a4,a2a4,92,101,0,ok
2,14,7,black,.,opening/middlegame,b4,b5b4,-107,-100,0,ok
2,15,8,white,baselines/stockfish,opening/middlegame,Nd5,c3d5,104,111,0,ok
2,16,8,black,.,opening/middlegame,Nxd5,e7d5,-107,-115,8,ok
2,17,9,white,baselines/stockfish,opening/middlegame,Bxd5,b3d5,103,115,0,ok
2,18,9,black,.,opening/middlegame,Bd6,d8f6,-117,-146,29,ok
2,19,10,white,baselines/stockfish,opening/middlegame,d4,d2d4,147,148,0,ok
2,20,10,black,.,opening/middlegame,exd4,d8f6,-162,-160,0,ok
2,21,11,white,baselines/stockfish,opening/middlegame,Nxd4,f3d4,156,157,0,ok
2,22,11,black,.,opening/middlegame,Nxd4,c8b7,-157,-258,101,mistake
2,23,12,white,baselines/stockfish,opening/middlegame,Qxd4,d1d4,292,288,4,ok
2,24,12,black,.,opening/middlegame,O-O,c7c6,-287,-398,111,mistake
2,25,13,white,baselines/stockfish,opening/middlegame,Bxa8,d5a8,401,400,1,ok
2,26,13,black,.,opening/middlegame,Re8,f8e8,-370,-380,10,ok
2,27,14,white,baselines/stockfish,opening/middlegame,Be3,c1e3,413,400,13,ok
2,28,14,black,.,opening/middlegame,Qe7,a6a5,-428,-429,1,ok
2,29,15,white,baselines/stockfish,opening/middlegame,O-O-O,e1c1,461,453,8,ok
2,30,15,black,.,opening/middlegame,Be5,d6e5,-439,-448,9,ok
2,31,16,white,baselines/stockfish,opening/middlegame,Qd3,d4d3,454,468,0,ok
2,32,16,black,.,opening/middlegame,d5,e7f6,-478,-519,41,inaccuracy
2,33,17,white,baselines/stockfish,opening/middlegame,Bxd5,a8d5,532,541,0,ok
2,34,17,black,.,middlegame,Bg4,c7c6,-530,-547,17,ok
2,35,18,white,baselines/stockfish,middlegame,f4,f2f3,534,539,0,ok
2,36,18,black,.,middlegame,Bxb2+,c7c6,-528,-616,88,mistake
2,37,19,white,baselines/stockfish,middlegame,Kxb2,c1b2,605,623,0,ok
2,38,19,black,.,middlegame,Rb8,c7c5,-630,-666,36,inaccuracy
2,39,20,white,baselines/stockfish,middlegame,Bd4,e3a7,669,674,0,ok
2,40,20,black,.,middlegame,c5,e7e8,-659,-654,0,ok
2,41,21,white,baselines/stockfish,middlegame,Be5,d4e5,665,671,0,ok
2,42,21,black,.,middlegame,b3,b8b6,-654,-790,136,mistake
2,43,22,white,baselines/stockfish,middlegame,Bxb8,e5b8,830,818,12,ok
2,44,22,black,.,middlegame,c4,b3c2,-834,-846,12,ok
2,45,23,white,baselines/stockfish,middlegame,Qxc4,d3c4,840,869,0,ok
2,46,23,black,.,middlegame,bxc2,b3c2,-871,-871,0,ok
2,47,24,white,baselines/stockfish,middlegame,Kxc2,b2c2,866,871,0,ok
2,48,24,black,.,middlegame,Kh7,g8h7,-869,-862,0,ok
2,49,25,white,baselines/stockfish,middlegame,Be5,b8e5,882,895,0,ok
2,50,25,black,.,middlegame,f6,g4e6,-906,-896,0,ok
2,51,26,white,baselines/stockfish,middlegame,Bc3,e5c3,918,888,30,inaccuracy
2,52,26,black,.,middlegame,Qa3,e7a7,-922,-943,21,ok
2,53,27,white,baselines/stockfish,middlegame,Rd2,d1d2,957,961,0,ok
2,54,27,black,.,middlegame,Bd7,a6a5,-960,-972,12,ok
2,55,28,white,baselines/stockfish,middlegame,Ra1,h1a1,974,982,0,ok
2,56,28,black,.,middlegame,Qe7,a3e7,-977,-973,0,ok
2,57,29,white,baselines/stockfish,middlegame,Bg8+,d5g8,1011,1084,0,ok
2,58,29,black,.,middlegame,Kh8,h7h8,-1137,-1072,0,ok
2,59,30,white,baselines/stockfish,middlegame,Rxd7,d2d7,1153,99986,0,ok
2,60,30,black,.,middlegame,Qxd7,e7f8,-99986,-99987,1,ok
2,61,31,white,baselines/stockfish,middlegame,Rd1,g8e6,99987,99988,0,ok
2,62,31,black,.,middlegame,Qa7,d7a7,-99988,-99988,0,ok
2,63,32,white,baselines/stockfish,middlegame,Qc8,g8e6,99988,99993,0,ok
2,64,32,black,.,middlegame,Qf2+,a7f2,-99993,-99993,0,ok
2,65,33,white,baselines/stockfish,middlegame,Rd2,d1d2,99993,99995,0,ok
2,66,33,black,.,middlegame,Qc5,f2c5,-99995,-99995,0,ok
2,67,34,white,baselines/stockfish,middlegame,Qxc5,c8c5,99995,99996,0,ok
2,68,34,black,.,middlegame,Kxg8,h8g8,-99996,-99996,0,ok
2,69,35,white,baselines/stockfish,middlegame,Rd8+,d2d8,99996,99997,0,ok
2,70,35,black,.,middlegame,Kh7,g8f7,-99997,-99998,1,ok
2,71,36,white,baselines/stockfish,middlegame,Qf5+,c5f5,99998,99999,0,ok
2,72,36,black,.,middlegame,g6,g7g6,-99999,-99999,0,ok
2,73,37,white,baselines/stockfish,middlegame,Qd7#,f5d7,99999,100000,0,ok
3,1,1,white,.,opening/middlegame,d4,e2e4,45,28,17,ok
3,2,1,black,baselines/stockfish,opening/middlegame,d5,d7d5,-19,-20,1,ok
3,3,2,white,.,opening/middlegame,c4,c2c4,31,26,5,ok
3,4,2,black,baselines/stockfish,opening/middlegame,e6,e7e6,-25,-29,4,ok
3,5,3,white,.,opening/middlegame,e3,b1c3,25,13,12,ok
3,6,3,black,baselines/stockfish,opening/middlegame,Nf6,g8f6,-13,-14,1,ok
3,7,4,white,.,opening/middlegame,Nf3,d1c2,11,15,0,ok
3,8,4,black,baselines/stockfish,opening/middlegame,Be7,f8e7,-15,-17,2,ok
3,9,5,white,.,opening/middlegame,Nc3,b1c3,13,13,0,ok
3,10,5,black,baselines/stockfish,opening/middlegame,O-O,e8g8,-9,-12,3,ok
3,11,6,white,.,opening/middlegame,Bd2,a2a3,8,-6,14,ok
3,12,6,black,baselines/stockfish,opening/middlegame,c5,c7c5,6,8,0,ok
3,13,7,white,.,opening/middlegame,dxc5,d4c5,-6,-2,0,ok
3,14,7,black,baselines/stockfish,opening/middlegame,Bxc5,e7c5,7,14,0,ok
3,15,8,white,.,opening/middlegame,cxd5,d1c2,-3,-17,14,ok
3,16,8,black,baselines/stockfish,opening/middlegame,exd5,e6d5,15,12,3,ok
3,17,9,white,.,opening/middlegame,Be2,f1e2,-13,-11,0,ok
3,18,9,black,baselines/stockfish,opening/middlegame,Nc6,b8c6,12,13,0,ok
3,19,10,white,.,opening/middlegame,O-O,e1g1,-11,-11,0,ok
3,20,10,black,baselines/stockfish,opening/middlegame,a6,d8e7,13,16,0,ok
3,21,11,white,.,opening/middlegame,Rc1,a1c1,-8,-3,0,ok
3,22,11,black,baselines/stockfish,opening/middlegame,Qe7,d8e7,0,-5,5,ok
3,23,12,white,.,opening/middlegame,Be1,c3a4,9,-34,43,inaccuracy
3,24,12,black,baselines/stockfish,opening/middlegame,Rd8,c8e6,25,32,0,ok
3,25,13,white,.,opening/middlegame,h3,f3d4,-37,-53,16,ok
3,26,13,black,baselines/stockfish,opening/middlegame,d4,d5d4,70,57,13,ok
3,27,14,white,.,opening/middlegame,Nxd4,e3d4,-60,-54,0,ok
3,28,14,black,baselines/stockfish,opening/middlegame,Nxd4,c6d4,45,36,9,ok
3,29,15,white,.,opening/middlegame,exd4,e3d4,-46,-33,0,ok
3,30,15,black,baselines/stockfish,opening/middlegame,Bf5,d8d4,35,30,5,ok
3,31,16,white,.,opening/middlegame,Bf3,c3d5,-15,-80,65,inaccuracy
3,32,16,black,baselines/stockfish,opening/middlegame,Rxd4,d8d4,75,82,0,ok
3,33,17,white,.,middlegame,Nd5,d1b3,-87,-385,298,major_mistake
3,34,17,black,baselines/stockfish,middlegame,Nxd5,f6d5,420,436,0,ok
3,35,18,white,.,middlegame,Bd2,f3d5,-443,-436,0,ok
3,36,18,black,baselines/stockfish,middlegame,Bb6,c5b6,448,448,0,ok
3,37,19,white,.,middlegame,Re1,f1e1,-453,-452,0,ok
3,38,19,black,baselines/stockfish,middlegame,Be6,f5e6,439,448,0,ok
3,39,20,white,.,middlegame,a3,e1e2,-441,-478,37,inaccuracy
3,40,20,black,baselines/stockfish,middlegame,Qf6,a8d8,487,474,13,ok
3,41,21,white,.,middlegame,Qe2,e1e6,-485,-499,14,ok
3,42,21,black,baselines/stockfish,middlegame,Rd8,a8d8,520,480,40,inaccuracy
3,43,22,white,.,middlegame,Be3,c1d1,-502,-540,38,inaccuracy
3,44,22,black,baselines/stockfish,middlegame,Nxe3,d5e3,559,530,29,ok
3,45,23,white,.,middlegame,Qxe3,e2e3,-543,-543,0,ok
3,46,23,black,baselines/stockfish,middlegame,R4d6,d4d6,555,537,18,ok
3,47,24,white,.,middlegame,Qe2,c1c5,-532,-593,61,inaccuracy
3,48,24,black,baselines/stockfish,middlegame,Rd2,d6d2,571,586,0,ok
3,49,25,white,.,middlegame,Qxd2,e2f1,-556,-630,74,inaccuracy
3,50,25,black,baselines/stockfish,middlegame,Rxd2,d8d2,633,624,9,ok
3,51,26,white,.,middlegame,Rc8+,g1h1,-653,-625,0,ok
3,52,26,black,baselines/stockfish,middlegame,Rd8,d2d8,658,642,16,ok
3,53,27,white,.,middlegame,Rxe6,c8c2,-644,-734,90,mistake
3,54,27,black,baselines/stockfish,middlegame,fxe6,f7e6,701,697,4,ok
3,55,28,white,.,middlegame,Rc2,c8c2,-701,-691,0,ok
3,56,28,black,baselines/stockfish,middlegame,Kf8,g7g5,714,728,0,ok
3,57,29,white,.,middlegame,a4,a3a4,-744,-737,0,ok
3,58,29,black,baselines/stockfish,middlegame,Qe5,f8e7,767,754,13,ok
3,59,30,white,.,middlegame,Rc3,c2c1,-780,-99995,99215,blunder
3,60,30,black,baselines/stockfish,middlegame,Qe1+,e5e1,99995,99996,0,ok
3,61,31,white,.,middlegame,Kh2,g1h2,-99996,-99996,0,ok
3,62,31,black,baselines/stockfish,middlegame,Bxf2,b6f2,99996,99997,0,ok
3,63,32,white,.,middlegame,h4,h3h4,-99997,-99997,0,ok
3,64,32,black,baselines/stockfish,middlegame,Qg1+,e1g1,99997,99998,0,ok
3,65,33,white,.,middlegame,Kh3,h2h3,-99998,-99998,0,ok
3,66,33,black,baselines/stockfish,middlegame,Qh1+,g1h1,99998,99999,0,ok
3,67,34,white,.,middlegame,Kg4,h3g4,-99999,-99999,0,ok
3,68,34,black,baselines/stockfish,middlegame,Qxh4#,h1h4,99999,100000,0,ok
4,1,1,white,baselines/stockfish,opening/middlegame,e4,e2e4,40,43,0,ok
4,2,1,black,.,opening/middlegame,e5,c7c5,-46,-47,1,ok
4,3,2,white,baselines/stockfish,opening/middlegame,Nf3,g1f3,35,49,0,ok
4,4,2,black,.,opening/middlegame,Nc6,b8c6,-37,-44,7,ok
4,5,3,white,baselines/stockfish,opening/middlegame,Bb5,d2d4,40,30,10,ok
4,6,3,black,.,opening/middlegame,Nge7,g8f6,-34,-57,23,ok
4,7,4,white,baselines/stockfish,opening/middlegame,Nc3,b1c3,52,64,0,ok
4,8,4,black,.,opening/middlegame,a6,e7g6,-58,-73,15,ok
4,9,5,white,baselines/stockfish,opening/middlegame,Bc4,b5c4,48,45,3,ok
4,10,5,black,.,opening/middlegame,b5,d7d6,-41,-106,65,inaccuracy
4,11,6,white,baselines/stockfish,opening/middlegame,Bb3,c4b3,111,118,0,ok
4,12,6,black,.,opening/middlegame,h6,a8b8,-100,-133,33,inaccuracy
4,13,7,white,baselines/stockfish,opening/middlegame,d4,a2a4,123,91,32,inaccuracy
4,14,7,black,.,opening/middlegame,exd4,e5d4,-80,-71,0,ok
4,15,8,white,baselines/stockfish,opening/middlegame,Nxd4,f3d4,79,90,0,ok
4,16,8,black,.,opening/middlegame,Nxd4,c6d4,-89,-86,0,ok
4,17,9,white,baselines/stockfish,opening/middlegame,Qxd4,d1d4,80,85,0,ok
4,18,9,black,.,opening/middlegame,Bb7,d7d6,-82,-155,73,inaccuracy
4,19,10,white,baselines/stockfish,opening/middlegame,Qe5,d4e5,119,133,0,ok
4,20,10,black,.,opening/middlegame,d6,d7d6,-123,-128,5,ok
4,21,11,white,baselines/stockfish,opening/middlegame,Qf4,e5f4,130,137,0,ok
4,22,11,black,.,opening/middlegame,f5,d6d5,-129,-262,133,mistake
4,23,12,white,baselines/stockfish,opening/middlegame,exf5,b3e6,253,251,2,ok
4,24,12,black,.,opening/middlegame,Qd7,d6d5,-261,-279,18,ok
4,25,13,white,baselines/stockfish,opening/middlegame,Be6,b3e6,280,288,0,ok
4,26,13,black,.,opening/middlegame,Qc6,d7c6,-283,-255,0,ok
4,27,14,white,baselines/stockfish,opening/middlegame,Be3,c1e3,278,311,0,ok
4,28,14,black,.,opening/middlegame,Nxf5,c6g2,-293,-717,424,blunder
4,29,15,white,baselines/stockfish,opening/middlegame,Qxf5,f4f5,614,602,12,ok
4,30,15,black,.,opening/middlegame,Qxc3+,b5b4,-609,-775,166,major_mistake
4,31,16,white,baselines/stockfish,middlegame,bxc3,b2c3,786,794,0,ok
4,32,16,black,.,middlegame,Be7,e8d8,-826,-841,15,ok
4,33,17,white,baselines/stockfish,middlegame,Qf7+,f5f7,836,846,0,ok
4,34,17,black,.,middlegame,Kd8,e8d8,-825,-841,16,ok
4,35,18,white,baselines/stockfish,middlegame,Rd1,a1d1,836,831,5,ok
4,36,18,black,.,middlegame,Bc6,b7c8,-832,-846,14,ok
4,37,19,white,baselines/stockfish,middlegame,Qxg7,f7g7,812,825,0,ok
4,38,19,black,.,middlegame,Re8,h8f8,-816,-872,56,inaccuracy
4,39,20,white,baselines/stockfish,middlegame,O-O,e1g1,846,839,7,ok
4,40,20,black,.,middlegame,a5,c6d7,-872,-879,7,ok
4,41,21,white,baselines/stockfish,middlegame,Qxh6,e3h6,906,858,48,inaccuracy
4,42,21,black,.,middlegame,Ra6,a8b8,-854,-901,47,inaccuracy
4,43,22,white,baselines/stockfish,middlegame,Rfe1,f1e1,922,962,0,ok
4,44,22,black,.,middlegame,Bxg2,c6d7,-956,-1052,96,mistake
4,45,23,white,baselines/stockfish,middlegame,Kxg2,g1g2,1077,1047,30,inaccuracy
4,46,23,black,.,middlegame,b4,c7c5,-1095,-1164,69,inaccuracy
4,47,24,white,baselines/stockfish,middlegame,Bg5,e3g5,1178,1203,0,ok
4,48,24,black,.,middlegame,b3,e8g8,-1240,-1173,0,ok
4,49,25,white,baselines/stockfish,middlegame,Bxe7+,g5e7,99995,99996,0,ok
4,50,25,black,.,middlegame,Rxe7,e8e7,-99996,-99996,0,ok
4,51,26,white,baselines/stockfish,middlegame,Qf8+,h6h8,99996,99997,0,ok
4,52,26,black,.,middlegame,Re8,e7e8,-99997,-99997,0,ok
4,53,27,white,baselines/stockfish,middlegame,Qf6+,f8f6,99997,99998,0,ok
4,54,27,black,.,middlegame,Re7,e8e7,-99998,-99998,0,ok
4,55,28,white,baselines/stockfish,middlegame,Bh3,e6f5,99998,99999,0,ok
4,56,28,black,.,middlegame,bxc2,b3b2,-99999,-99999,0,ok
4,57,29,white,baselines/stockfish,middlegame,Qxe7#,f6e7,99999,100000,0,ok
5,1,1,white,.,opening/middlegame,d4,e2e4,36,22,14,ok
5,2,1,black,baselines/stockfish,opening/middlegame,d5,g8f6,-28,-31,3,ok
5,3,2,white,.,opening/middlegame,c4,c2c4,33,29,4,ok
5,4,2,black,baselines/stockfish,opening/middlegame,e6,e7e6,-27,-28,1,ok
5,5,3,white,.,opening/middlegame,e3,b1c3,30,10,20,ok
5,6,3,black,baselines/stockfish,opening/middlegame,Nf6,g8f6,-10,-13,3,ok
5,7,4,white,.,opening/middlegame,Nf3,g1f3,10,19,0,ok
5,8,4,black,baselines/stockfish,opening/middlegame,Be7,f8e7,-17,-16,0,ok
5,9,5,white,.,opening/middlegame,Nc3,b1c3,18,16,2,ok
5,10,5,black,baselines/stockfish,opening/middlegame,O-O,e8g8,-21,-15,0,ok
5,11,6,white,.,opening/middlegame,Bd2,f1e2,14,-7,21,ok
5,12,6,black,baselines/stockfish,opening/middlegame,b6,c7c5,0,2,0,ok
5,13,7,white,.,opening/middlegame,Bd3,c4d5,0,-5,5,ok
5,14,7,black,baselines/stockfish,opening/middlegame,c5,d5c4,11,0,11,ok
5,15,8,white,.,opening/middlegame,O-O,c4d5,0,-22,22,ok
5,16,8,black,baselines/stockfish,opening/middlegame,cxd4,c5d4,25,22,3,ok
5,17,9,white,.,opening/middlegame,exd4,f3d4,-17,-29,12,ok
5,18,9,black,baselines/stockfish,opening/middlegame,Ba6,d5c4,31,27,4,ok
5,19,10,white,.,opening/middlegame,Ne5,d1e2,-19,-122,103,mistake
5,20,10,black,baselines/stockfish,opening/middlegame,dxc4,d5c4,114,124,0,ok
5,21,11,white,.,opening/middlegame,Bc2,d1f3,-113,-205,92,mistake
5,22,11,black,baselines/stockfish,opening/middlegame,Qxd4,d8d4,201,194,7,ok
5,23,12,white,.,opening/middlegame,Re1,f1e1,-195,-188,0,ok
5,24,12,black,baselines/stockfish,opening/middlegame,Bb7,a6b7,195,197,0,ok
5,25,13,white,.,opening/middlegame,Nxf7,d2g5,-194,-412,218,major_mistake
5,26,13,black,baselines/stockfish,opening/middlegame,Rxf7,f8f7,391,405,0,ok
5,27,14,white,.,opening/middlegame,Rxe6,e1e6,-425,-425,0,ok
5,28,14,black,baselines/stockfish,opening/middlegame,Bc5,b8c6,440,407,33,inaccuracy
5,29,15,white,.,opening/middlegame,Rxf6,d1e2,-401,-478,77,mistake
5,30,15,black,baselines/stockfish,middlegame,Rxf6,f7f6,494,483,11,ok
5,31,16,white,.,middlegame,Bxh7+,d2e3,-487,-566,79,mistake
5,32,16,black,baselines/stockfish,middlegame,Kxh7,g8h7,566,582,0,ok
5,33,17,white,.,middlegame,Qh5+,d1h5,-590,-576,0,ok
5,34,17,black,baselines/stockfish,middlegame,Kg8,h7g8,580,572,8,ok
5,35,18,white,.,middlegame,Qe8+,d2e3,-586,-651,65,inaccuracy
5,36,18,black,baselines/stockfish,middlegame,Bf8,f6f8,678,696,0,ok
5,37,19,white,.,middlegame,Be3,e8e2,-704,-871,167,major_mistake
5,38,19,black,baselines/stockfish,middlegame,Qg4,d4g4,843,870,0,ok
5,39,20,white,.,middlegame,Nd5,f2f3,-886,-910,24,ok
5,40,20,black,baselines/stockfish,middlegame,Bxd5,b7d5,1046,1045,1,ok
5,41,21,white,.,middlegame,f3,g1f1,-1055,-1188,133,mistake
5,42,21,black,baselines/stockfish,middlegame,Bxf3,d5f3,1201,1284,0,ok
5,43,22,white,.,middlegame,g3,g2g3,-1306,-99986,98680,blunder
5,44,22,black,baselines/stockfish,middlegame,Qh3,g4h3,99996,99997,0,ok
5,45,23,white,.,middlegame,Qxf8+,e8e6,-99997,-99997,0,ok
5,46,23,black,baselines/stockfish,middlegame,Rxf8,f6f8,99997,99998,0,ok
5,47,24,white,.,middlegame,Kf2,g1f2,-99998,-99998,0,ok
5,48,24,black,baselines/stockfish,middlegame,Qg2+,h3g2,99998,99999,0,ok
5,49,25,white,.,middlegame,Ke1,f2e1,-99999,-99999,0,ok
5,50,25,black,baselines/stockfish,middlegame,Qe2#,g2e2,99999,100000,0,ok
6,1,1,white,baselines/stockfish,opening/middlegame,e4,e2e4,33,34,0,ok
6,2,1,black,.,opening/middlegame,e5,e7e5,-35,-29,0,ok
6,3,2,white,baselines/stockfish,opening/middlegame,Nf3,g1f3,27,24,3,ok
6,4,2,black,.,opening/middlegame,Nc6,b8c6,-23,-17,0,ok
6,5,3,white,baselines/stockfish,opening/middlegame,Bb5,f1b5,20,26,0,ok
6,6,3,black,.,opening/middlegame,Nge7,g8f6,-27,-46,19,ok
6,7,4,white,baselines/stockfish,opening/middlegame,Nc3,b1c3,45,49,0,ok
6,8,4,black,.,opening/middlegame,a6,e7g6,-56,-46,0,ok
6,9,5,white,baselines/stockfish,opening/middlegame,Bc4,b5c4,57,53,4,ok
6,10,5,black,.,opening/middlegame,b5,d7d6,-60,-113,53,inaccuracy
6,11,6,white,baselines/stockfish,opening/middlegame,Bb3,c4b3,107,107,0,ok
6,12,6,black,.,opening/middlegame,h6,h7h6,-107,-111,4,ok
6,13,7,white,baselines/stockfish,opening/middlegame,a4,a2a4,105,97,8,ok
6,14,7,black,.,opening/middlegame,b4,b5b4,-98,-113,15,ok
6,15,8,white,baselines/stockfish,opening/middlegame,Nd5,c3d5,114,120,0,ok
6,16,8,black,.,opening/middlegame,Nxd5,e7d5,-98,-116,18,ok
6,17,9,white,baselines/stockfish,opening/middlegame,Bxd5,b3d5,101,110,0,ok
6,18,9,black,.,opening/middlegame,Bd6,d8f6,-111,-155,44,inaccuracy
6,19,10,white,baselines/stockfish,opening/middlegame,d4,d2d4,144,151,0,ok
6,20,10,black,.,opening/middlegame,exd4,e5d4,-152,-162,10,ok
6,21,11,white,baselines/stockfish,opening/middlegame,Nxd4,f3d4,152,146,6,ok
6,22,11,black,.,opening/middlegame,Nxd4,c8b7,-138,-299,161,major_mistake
6,23,12,white,baselines/stockfish,opening/middlegame,Qxd4,d1d4,292,316,0,ok
6,24,12,black,.,opening/middlegame,O-O,c7c6,-287,-386,99,mistake
6,25,13,white,baselines/stockfish,opening/middlegame,Bxa8,d5a8,413,393,20,ok
6,26,13,black,.,opening/middlegame,Re8,d8e7,-394,-432,38,inaccuracy
6,27,14,white,baselines/stockfish,opening/middlegame,Be3,c1e3,424,440,0,ok
6,28,14,black,.,opening/middlegame,Qe7,b4b3,-426,-482,56,inaccuracy
6,29,15,white,baselines/stockfish,opening/middlegame,O-O-O,e1c1,496,485,11,ok
6,30,15,black,.,opening/middlegame,Be5,d6e5,-485,-468,0,ok
6,31,16,white,baselines/stockfish,opening/middlegame,Qd3,d4d3,467,468,0,ok
6,32,16,black,.,opening/middlegame,d5,d7d6,-455,-531,76,mistake
6,33,17,white,baselines/stockfish,opening/middlegame,Bxd5,a8d5,483,530,0,ok
6,34,17,black,.,middlegame,Bg4,c7c6,-514,-548,34,inaccuracy
6,35,18,white,baselines/stockfish,middlegame,f4,h2h3,522,524,0,ok
6,36,18,black,.,middlegame,Bxb2+,c7c6,-519,-620,101,mistake
6,37,19,white,baselines/stockfish,middlegame,Kxb2,c1b2,620,606,14,ok
6,38,19,black,.,middlegame,Rb8,g4e6,-629,-659,30,inaccuracy
6,39,20,white,baselines/stockfish,middlegame,Bd4,e3d4,674,666,8,ok
6,40,20,black,.,middlegame,c5,e7e8,-673,-674,1,ok
6,41,21,white,baselines/stockfish,middlegame,Be5,d4e5,706,703,3,ok
6,42,21,black,.,middlegame,b3,b8b6,-693,-842,149,mistake
6,43,22,white,baselines/stockfish,middlegame,Bxb8,e5b8,827,832,0,ok
6,44,22,black,.,middlegame,c4,b3c2,-859,-888,29,ok
6,45,23,white,baselines/stockfish,middlegame,Qxc4,d3c4,877,874,3,ok
6,46,23,black,.,middlegame,bxc2,b3c2,-846,-881,35,inaccuracy
6,47,24,white,baselines/stockfish,middlegame,Kxc2,b2c2,860,889,0,ok
6,48,24,black,.,middlegame,Kh7,a6a5,-896,-904,8,ok
6,49,25,white,baselines/stockfish,middlegame,Be5,b8e5,907,906,1,ok
6,50,25,black,.,middlegame,f6,e7a7,-913,-903,0,ok
6,51,26,white,baselines/stockfish,middlegame,Bc3,e5c3,924,935,0,ok
6,52,26,black,.,middlegame,Qa3,g4h5,-944,-980,36,inaccuracy
6,53,27,white,baselines/stockfish,middlegame,Rd2,d1d2,984,989,0,ok
6,54,27,black,.,middlegame,Bd7,a3e7,-970,-1231,261,major_mistake
6,55,28,white,baselines/stockfish,middlegame,Ra1,d5g8,1284,995,289,major_mistake
6,56,28,black,.,middlegame,Qe7,a3f8,-1019,-1089,70,inaccuracy
6,57,29,white,baselines/stockfish,middlegame,Bg8+,d5g8,1193,1271,0,ok
6,58,29,black,.,middlegame,Kh8,h7g6,-99987,-99989,2,ok
6,59,30,white,baselines/stockfish,middlegame,Rxd7,d2d7,99989,99990,0,ok
6,60,30,black,.,middlegame,Qxd7,e7d7,-99990,-99990,0,ok
6,61,31,white,baselines/stockfish,middlegame,Be6,g8e6,99990,99991,0,ok
6,62,31,black,.,middlegame,Qb7,d7b7,-99991,-99991,0,ok
6,63,32,white,baselines/stockfish,middlegame,Rd1,a1d1,99991,99992,0,ok
6,64,32,black,.,middlegame,Qb8,b7a8,-99992,-99993,1,ok
6,65,33,white,baselines/stockfish,middlegame,Ba5,d1d7,99993,1352,98641,blunder
6,66,33,black,.,middlegame,Qf8,b8a8,-99991,-99991,0,ok
6,67,34,white,baselines/stockfish,middlegame,Rd8,d1d7,99991,99996,0,ok
6,68,34,black,.,middlegame,Qxd8,h6h5,-99996,-99996,0,ok
6,69,35,white,baselines/stockfish,middlegame,Bxd8,a5d8,99996,99997,0,ok
6,70,35,black,.,middlegame,h5,a6a5,-99997,-99997,0,ok
6,71,36,white,baselines/stockfish,middlegame,Bf5,e6f5,99997,99998,0,ok
6,72,36,black,.,middlegame,a5,h5h4,-99998,-99998,0,ok
6,73,37,white,baselines/stockfish,middlegame,Qf7,c4f7,99998,99999,0,ok
6,74,37,black,.,middlegame,h4,h5h4,-99999,-99999,0,ok
6,75,38,white,baselines/stockfish,middlegame,Qe8#,f7f8,99999,100000,0,ok
