case_id,category,source,fen,variant,move,mode,elapsed_s,completed_depth,engine_score_cp,nodes,nps,tt_cutoffs,null_tries,null_cutoffs,lmr_reductions,lmr_researches,futility_skips,repetition_draws,aspiration_retries,material_capture_deprioritized,qnodes,sf_best_move,sf_best_score,sf_candidate_score,sf_best_cp_equiv,sf_candidate_cp_equiv,cp_delta_raw,cp_loss,sf_best_expectation,sf_candidate_expectation,expectation_delta_raw,expectation_loss,mate_blunder,sign_flip,winning_to_notwinning,sf_best_pv,sf_candidate_pv
fen_0001,fen_suite,training/data/test_fens_60.txt,2rqr1k1/pb1n1ppp/3b1n2/1Npp4/8/1P1BPN2/PBQ2PPP/3R1RK1 b - - 0 1,baseline,d6b8,timed,3.410418412007857,5,-28,56064,16439.038624293833,325,156,88,1505,3,4863,0,0,0,37568,d6b8,+88,+88,88,88,0.0,0.0,0.6915,0.6915,0.0,0.0,False,False,False,d6b8 f1e1 d5d4 e3d4 e8e1 f3e1 a7a6 b5a3 c5d4 a3c4 d8c7 g2g3,d6b8 f1e1 d5d4 e3d4 e8e1 f3e1 a7a6 b5a3 c5d4 a3c4 d8c7 g2g3
fen_0001,fen_suite,training/data/test_fens_60.txt,2rqr1k1/pb1n1ppp/3b1n2/1Npp4/8/1P1BPN2/PBQ2PPP/3R1RK1 b - - 0 1,no_null,d6b8,timed,3.4104048130102456,5,-28,56064,16439.10417500093,730,0,0,1753,3,1925,0,0,0,38160,d6b8,+88,+88,88,88,0.0,0.0,0.6915,0.6915,0.0,0.0,False,False,False,d6b8 f1e1 d5d4 e3d4 e8e1 f3e1 a7a6 b5a3 c5d4 a3c4 d8c7 g2g3,d6b8 f1e1 d5d4 e3d4 e8e1 f3e1 a7a6 b5a3 c5d4 a3c4 d8c7 g2g3
fen_0001,fen_suite,training/data/test_fens_60.txt,2rqr1k1/pb1n1ppp/3b1n2/1Npp4/8/1P1BPN2/PBQ2PPP/3R1RK1 b - - 0 1,null_safe,d6b8,timed,3.4169182289915625,5,-28,56320,16482.688851650324,561,41,14,1292,3,1162,0,0,0,38987,d6b8,+88,+88,88,88,0.0,0.0,0.6915,0.6915,0.0,0.0,False,False,False,d6b8 f1e1 d5d4 e3d4 e8e1 f3e1 a7a6 b5a3 c5d4 a3c4 d8c7 g2g3,d6b8 f1e1 d5d4 e3d4 e8e1 f3e1 a7a6 b5a3 c5d4 a3c4 d8c7 g2g3
fen_0001,fen_suite,training/data/test_fens_60.txt,2rqr1k1/pb1n1ppp/3b1n2/1Npp4/8/1P1BPN2/PBQ2PPP/3R1RK1 b - - 0 1,null_no_endgame,d6b8,timed,3.404246707999846,5,-28,56320,16544.041848568206,325,156,88,1511,3,4965,0,0,0,37703,d6b8,+88,+88,88,88,0.0,0.0,0.6915,0.6915,0.0,0.0,False,False,False,d6b8 f1e1 d5d4 e3d4 e8e1 f3e1 a7a6 b5a3 c5d4 a3c4 d8c7 g2g3,d6b8 f1e1 d5d4 e3d4 e8e1 f3e1 a7a6 b5a3 c5d4 a3c4 d8c7 g2g3
fen_0001,fen_suite,training/data/test_fens_60.txt,2rqr1k1/pb1n1ppp/3b1n2/1Npp4/8/1P1BPN2/PBQ2PPP/3R1RK1 b - - 0 1,no_lmr,d6b8,timed,3.408600574010052,4,5,60416,17724.576021215515,134,120,72,0,0,15011,0,0,0,36186,d6b8,+88,+88,88,88,0.0,0.0,0.6915,0.6915,0.0,0.0,False,False,False,d6b8 f1e1 d5d4 e3d4 e8e1 f3e1 a7a6 b5a3 c5d4 a3c4 d8c7 g2g3,d6b8 f1e1 d5d4 e3d4 e8e1 f3e1 a7a6 b5a3 c5d4 a3c4 d8c7 g2g3
fen_0001,fen_suite,training/data/test_fens_60.txt,2rqr1k1/pb1n1ppp/3b1n2/1Npp4/8/1P1BPN2/PBQ2PPP/3R1RK1 b - - 0 1,lmr_safe,d6b8,timed,3.4060039030155167,5,-28,61184,17963.573073369218,250,86,40,42,0,17741,0,0,0,34844,d6b8,+88,+88,88,88,0.0,0.0,0.6915,0.6915,0.0,0.0,False,False,False,d6b8 f1e1 d5d4 e3d4 e8e1 f3e1 a7a6 b5a3 c5d4 a3c4 d8c7 g2g3,d6b8 f1e1 d5d4 e3d4 e8e1 f3e1 a7a6 b5a3 c5d4 a3c4 d8c7 g2g3
fen_0001,fen_suite,training/data/test_fens_60.txt,2rqr1k1/pb1n1ppp/3b1n2/1Npp4/8/1P1BPN2/PBQ2PPP/3R1RK1 b - - 0 1,no_futility,d6b8,timed,3.4022883800207637,5,-28,58880,17305.99920505288,317,148,84,1424,3,0,0,0,0,38771,d6b8,+88,+88,88,88,0.0,0.0,0.6915,0.6915,0.0,0.0,False,False,False,d6b8 f1e1 d5d4 e3d4 e8e1 f3e1 a7a6 b5a3 c5d4 a3c4 d8c7 g2g3,d6b8 f1e1 d5d4 e3d4 e8e1 f3e1 a7a6 b5a3 c5d4 a3c4 d8c7 g2g3
fen_0001,fen_suite,training/data/test_fens_60.txt,2rqr1k1/pb1n1ppp/3b1n2/1Npp4/8/1P1BPN2/PBQ2PPP/3R1RK1 b - - 0 1,no_selectivity,d6b8,timed,3.408054914994864,4,5,54272,15924.626026773336,332,0,0,0,0,0,0,0,0,37938,d6b8,+88,+88,88,88,0.0,0.0,0.6915,0.6915,0.0,0.0,False,False,False,d6b8 f1e1 d5d4 e3d4 e8e1 f3e1 a7a6 b5a3 c5d4 a3c4 d8c7 g2g3,d6b8 f1e1 d5d4 e3d4 e8e1 f3e1 a7a6 b5a3 c5d4 a3c4 d8c7 g2g3
fen_0001,fen_suite,training/data/test_fens_60.txt,2rqr1k1/pb1n1ppp/3b1n2/1Npp4/8/1P1BPN2/PBQ2PPP/3R1RK1 b - - 0 1,conservative,d6b8,timed,3.4088668569747824,4,5,66816,19600.648192900157,370,25,11,42,0,2928,0,0,21074,38115,d6b8,+88,+88,88,88,0.0,0.0,0.6915,0.6915,0.0,0.0,False,False,False,d6b8 f1e1 d5d4 e3d4 e8e1 f3e1 a7a6 b5a3 c5d4 a3c4 d8c7 g2g3,d6b8 f1e1 d5d4 e3d4 e8e1 f3e1 a7a6 b5a3 c5d4 a3c4 d8c7 g2g3
fen_0002,fen_suite,training/data/test_fens_60.txt,rnb1k1nr/pp3ppp/1qp5/2bpp3/4P3/1PNB1P2/P1PP2PP/R1BQK1NR w KQkq - 0 1,baseline,c3a4,timed,3.4060664939752314,6,44,45398,13328.571265505696,591,197,144,962,9,6995,0,0,0,28273,c3a4,+91,+91,91,91,0.0,0.0,0.7115,0.7115,0.0,0.0,False,False,False,c3a4 b6a5 a4c5 a5c5 a2a4 c8e6 c1a3 c5b6 a3b2 b8d7 e4d5 e6d5,c3a4 b6a5 a4c5 a5c5 a2a4 c8e6 c1a3 c5b6 a3b2 b8d7 e4d5 e6d5
fen_0002,fen_suite,training/data/test_fens_60.txt,rnb1k1nr/pp3ppp/1qp5/2bpp3/4P3/1PNB1P2/P1PP2PP/R1BQK1NR w KQkq - 0 1,no_null,c3a4,timed,3.4068878370162565,5,13,44288,12999.54742237341,581,0,0,1380,7,6502,0,0,0,27329,c3a4,+91,+91,91,91,0.0,0.0,0.7115,0.7115,0.0,0.0,False,False,False,c3a4 b6a5 a4c5 a5c5 a2a4 c8e6 c1a3 c5b6 a3b2 b8d7 e4d5 e6d5,c3a4 b6a5 a4c5 a5c5 a2a4 c8e6 c1a3 c5b6 a3b2 b8d7 e4d5 e6d5
fen_0002,fen_suite,training/data/test_fens_60.txt,rnb1k1nr/pp3ppp/1qp5/2bpp3/4P3/1PNB1P2/P1PP2PP/R1BQK1NR w KQkq - 0 1,null_safe,c3a4,timed,3.4104177900007926,6,44,46848,13736.733410597508,601,56,47,750,7,4737,0,0,0,29523,c3a4,+91,+91,91,91,0.0,0.0,0.7115,0.7115,0.0,0.0,False,False,False,c3a4 b6a5 a4c5 a5c5 a2a4 c8e6 c1a3 c5b6 a3b2 b8d7 e4d5 e6d5,c3a4 b6a5 a4c5 a5c5 a2a4 c8e6 c1a3 c5b6 a3b2 b8d7 e4d5 e6d5
fen_0002,fen_suite,training/data/test_fens_60.txt,rnb1k1nr/pp3ppp/1qp5/2bpp3/4P3/1PNB1P2/P1PP2PP/R1BQK1NR w KQkq - 0 1,null_no_endgame,c3a4,timed,3.4107332960120402,6,44,48384,14185.805749330333,683,214,157,996,10,7049,0,0,0,30123,c3a4,+91,+91,91,91,0.0,0.0,0.7115,0.7115,0.0,0.0,False,False,False,c3a4 b6a5 a4c5 a5c5 a2a4 c8e6 c1a3 c5b6 a3b2 b8d7 e4d5 e6d5,c3a4 b6a5 a4c5 a5c5 a2a4 c8e6 c1a3 c5b6 a3b2 b8d7 e4d5 e6d5
fen_0002,fen_suite,training/data/test_fens_60.txt,rnb1k1nr/pp3ppp/1qp5/2bpp3/4P3/1PNB1P2/P1PP2PP/R1BQK1NR w KQkq - 0 1,no_lmr,c3a4,timed,3.4044191720022354,6,36,49152,14437.705087617725,813,253,210,0,0,23329,0,0,0,28476,c3a4,+91,+91,91,91,0.0,0.0,0.7115,0.7115,0.0,0.0,False,False,False,c3a4 b6a5 a4c5 a5c5 a2a4 c8e6 c1a3 c5b6 a3b2 b8d7 e4d5 e6d5,c3a4 b6a5 a4c5 a5c5 a2a4 c8e6 c1a3 c5b6 a3b2 b8d7 e4d5 e6d5
fen_0002,fen_suite,training/data/test_fens_60.txt,rnb1k1nr/pp3ppp/1qp5/2bpp3/4P3/1PNB1P2/P1PP2PP/R1BQK1NR w KQkq - 0 1,lmr_safe,c3a4,timed,3.4119039259967394,6,36,50176,14706.158522720358,910,133,96,364,2,22457,0,0,0,28482,c3a4,+91,+91,91,91,0.0,0.0,0.7115,0.7115,0.0,0.0,False,False,False,c3a4 b6a5 a4c5 a5c5 a2a4 c8e6 c1a3 c5b6 a3b2 b8d7 e4d5 e6d5,c3a4 b6a5 a4c5 a5c5 a2a4 c8e6 c1a3 c5b6 a3b2 b8d7 e4d5 e6d5
fen_0002,fen_suite,training/data/test_fens_60.txt,rnb1k1nr/pp3ppp/1qp5/2bpp3/4P3/1PNB1P2/P1PP2PP/R1BQK1NR w KQkq - 0 1,no_futility,c3a4,timed,3.406877188012004,6,44,55040,16155.557410074176,526,141,100,857,8,0,0,0,0,32550,c3a4,+91,+91,91,91,0.0,0.0,0.7115,0.7115,0.0,0.0,False,False,False,c3a4 b6a5 a4c5 a5c5 a2a4 c8e6 c1a3 c5b6 a3b2 b8d7 e4d5 e6d5,c3a4 b6a5 a4c5 a5c5 a2a4 c8e6 c1a3 c5b6 a3b2 b8d7 e4d5 e6d5
fen_0002,fen_suite,training/data/test_fens_60.txt,rnb1k1nr/pp3ppp/1qp5/2bpp3/4P3/1PNB1P2/P1PP2PP/R1BQK1NR w KQkq - 0 1,no_selectivity,c3a4,timed,3.4035615030152258,5,13,65792,19330.339687328895,604,0,0,0,0,0,0,0,0,35091,c3a4,+91,+91,91,91,0.0,0.0,0.7115,0.7115,0.0,0.0,False,False,False,c3a4 b6a5 a4c5 a5c5 a2a4 c8e6 c1a3 c5b6 a3b2 b8d7 e4d5 e6d5,c3a4 b6a5 a4c5 a5c5 a2a4 c8e6 c1a3 c5b6 a3b2 b8d7 e4d5 e6d5
fen_0002,fen_suite,training/data/test_fens_60.txt,rnb1k1nr/pp3ppp/1qp5/2bpp3/4P3/1PNB1P2/P1PP2PP/R1BQK1NR w KQkq - 0 1,conservative,c3a4,timed,3.4064894969924353,6,36,52224,15330.73859353102,536,56,44,204,2,3505,0,0,14829,30762,c3a4,+91,+91,91,91,0.0,0.0,0.7115,0.7115,0.0,0.0,False,False,False,c3a4 b6a5 a4c5 a5c5 a2a4 c8e6 c1a3 c5b6 a3b2 b8d7 e4d5 e6d5,c3a4 b6a5 a4c5 a5c5 a2a4 c8e6 c1a3 c5b6 a3b2 b8d7 e4d5 e6d5
fen_0003,fen_suite,training/data/test_fens_60.txt,r1bqr1k1/ppp3p1/2n4p/2p1pp2/2P5/1P1BP3/PB1P1PPP/R2QK2R w KQ - 0 1,baseline,d1h5,timed,3.4078980369959027,5,-35,52992,15549.761003622338,184,151,83,1065,34,8720,0,0,0,32946,d3c2,+19,+20,19,20,-1.0,0.0,0.5085,0.509,-0.000500000000000056,0.0,False,False,False,d3c2 c6b4 c2b1 b4d3 b1d3 d8d3 d1e2 d3e2 e1e2 a7a5 a2a4 c8d7,d1h5 e8f8 d3c2 a7a5 b2c3 c6b4 c2b1 d8d6 a2a3 b4d3 b1d3 d6d3
fen_0003,fen_suite,training/data/test_fens_60.txt,r1bqr1k1/ppp3p1/2n4p/2p1pp2/2P5/1P1BP3/PB1P1PPP/R2QK2R w KQ - 0 1,no_null,d1h5,timed,3.401022425998235,5,-35,51712,15204.839463774484,471,0,0,1601,38,6456,0,0,0,32660,d3c2,+19,+20,19,20,-1.0,0.0,0.5085,0.509,-0.000500000000000056,0.0,False,False,False,d3c2 c6b4 c2b1 b4d3 b1d3 d8d3 d1e2 d3e2 e1e2 a7a5 a2a4 c8d7,d1h5 e8f8 d3c2 a7a5 b2c3 c6b4 c2b1 d8d6 a2a3 b4d3 b1d3 d6d3
fen_0003,fen_suite,training/data/test_fens_60.txt,r1bqr1k1/ppp3p1/2n4p/2p1pp2/2P5/1P1BP3/PB1P1PPP/R2QK2R w KQ - 0 1,null_safe,d1h5,timed,3.40341996299685,5,-35,52736,15495.002254603867,295,44,26,945,26,6472,0,0,0,33168,d3c2,+19,+20,19,20,-1.0,0.0,0.5085,0.509,-0.000500000000000056,0.0,False,False,False,d3c2 c6b4 c2b1 b4d3 b1d3 d8d3 d1e2 d3e2 e1e2 a7a5 a2a4 c8d7,d1h5 e8f8 d3c2 a7a5 b2c3 c6b4 c2b1 d8d6 a2a3 b4d3 b1d3 d6d3
fen_0003,fen_suite,training/data/test_fens_60.txt,r1bqr1k1/ppp3p1/2n4p/2p1pp2/2P5/1P1BP3/PB1P1PPP/R2QK2R w KQ - 0 1,null_no_endgame,d1h5,timed,3.401189477997832,5,-35,52992,15580.431593947727,184,151,83,1065,34,8720,0,0,0,32946,d3c2,+19,+20,19,20,-1.0,0.0,0.5085,0.509,-0.000500000000000056,0.0,False,False,False,d3c2 c6b4 c2b1 b4d3 b1d3 d8d3 d1e2 d3e2 e1e2 a7a5 a2a4 c8d7,d1h5 e8f8 d3c2 a7a5 b2c3 c6b4 c2b1 d8d6 a2a3 b4d3 b1d3 d6d3
fen_0003,fen_suite,training/data/test_fens_60.txt,r1bqr1k1/ppp3p1/2n4p/2p1pp2/2P5/1P1BP3/PB1P1PPP/R2QK2R w KQ - 0 1,no_lmr,d1h5,timed,3.4008903420181014,5,-35,55040,16183.997266827208,171,142,69,0,0,9323,0,0,0,33747,d3c2,+19,+20,19,20,-1.0,0.0,0.5085,0.509,-0.000500000000000056,0.0,False,False,False,d3c2 c6b4 c2b1 b4d3 b1d3 d8d3 d1e2 d3e2 e1e2 a7a5 a2a4 c8d7,d1h5 e8f8 d3c2 a7a5 b2c3 c6b4 c2b1 d8d6 a2a3 b4d3 b1d3 d6d3
fen_0003,fen_suite,training/data/test_fens_60.txt,r1bqr1k1/ppp3p1/2n4p/2p1pp2/2P5/1P1BP3/PB1P1PPP/R2QK2R w KQ - 0 1,lmr_safe,d1h5,timed,3.409490640013246,5,-35,56064,16443.511925811355,293,131,69,282,2,10319,0,0,0,33208,d3c2,+19,+20,19,20,-1.0,0.0,0.5085,0.509,-0.000500000000000056,0.0,False,False,False,d3c2 c6b4 c2b1 b4d3 b1d3 d8d3 d1e2 d3e2 e1e2 a7a5 a2a4 c8d7,d1h5 e8f8 d3c2 a7a5 b2c3 c6b4 c2b1 d8d6 a2a3 b4d3 b1d3 d6d3
fen_0003,fen_suite,training/data/test_fens_60.txt,r1bqr1k1/ppp3p1/2n4p/2p1pp2/2P5/1P1BP3/PB1P1PPP/R2QK2R w KQ - 0 1,no_futility,d1h5,timed,3.4067385329981335,5,-35,60416,17734.263846433296,158,128,68,959,33,0,0,0,0,35994,d3c2,+19,+20,19,20,-1.0,0.0,0.5085,0.509,-0.000500000000000056,0.0,False,False,False,d3c2 c6b4 c2b1 b4d3 b1d3 d8d3 d1e2 d3e2 e1e2 a7a5 a2a4 c8d7,d1h5 e8f8 d3c2 a7a5 b2c3 c6b4 c2b1 d8d6 a2a3 b4d3 b1d3 d6d3
fen_0003,fen_suite,training/data/test_fens_60.txt,r1bqr1k1/ppp3p1/2n4p/2p1pp2/2P5/1P1BP3/PB1P1PPP/R2QK2R w KQ - 0 1,no_selectivity,d1h5,timed,3.403198583982885,4,-10,63488,18655.390930992256,207,0,0,0,0,0,0,0,0,36043,d3c2,+19,+20,19,20,-1.0,0.0,0.5085,0.509,-0.000500000000000056,0.0,False,False,False,d3c2 c6b4 c2b1 b4d3 b1d3 d8d3 d1e2 d3e2 e1e2 a7a5 a2a4 c8d7,d1h5 e8f8 d3c2 a7a5 b2c3 c6b4 c2b1 d8d6 a2a3 b4d3 b1d3 d6d3
fen_0003,fen_suite,training/data/test_fens_60.txt,r1bqr1k1/ppp3p1/2n4p/2p1pp2/2P5/1P1BP3/PB1P1PPP/R2QK2R w KQ - 0 1,conservative,d1h5,timed,3.402411017974373,5,-35,61952,18208.264572598036,304,36,24,112,2,1886,0,0,16118,34863,d3c2,+19,+20,19,20,-1.0,0.0,0.5085,0.509,-0.000500000000000056,0.0,False,False,False,d3c2 c6b4 c2b1 b4d3 b1d3 d8d3 d1e2 d3e2 e1e2 a7a5 a2a4 c8d7,d1h5 e8f8 d3c2 a7a5 b2c3 c6b4 c2b1 d8d6 a2a3 b4d3 b1d3 d6d3
fen_0004,fen_suite,training/data/test_fens_60.txt,r3k2r/pbp1qppp/1p2pn2/3p4/1QPP4/2P1P1P1/P4PBP/R1B1K2R w KQkq - 0 1,baseline,c1a3,timed,3.417789707018528,6,20,50688,14830.637442646268,631,201,101,1453,8,8023,0,0,0,29819,b4e7,+53,+12,53,12,41.0,41.0,0.548,0.5055,0.04250000000000009,0.04250000000000009,False,False,False,b4e7 e8e7 c4d5 e6d5 c3c4 h8d8 a2a4 c7c5 e1g1 b7a6 c1a3 a8c8,c1a3 e7b4 c3b4 e8d7 a3c1 c7c6 c1d2 b7a6 c4d5 c6d5 f2f3 f6e8
fen_0004,fen_suite,training/data/test_fens_60.txt,r3k2r/pbp1qppp/1p2pn2/3p4/1QPP4/2P1P1P1/P4PBP/R1B1K2R w KQkq - 0 1,no_null,c1a3,timed,3.4083077939867508,5,6,47872,14045.679819310972,558,0,0,1776,7,8874,0,0,0,27841,b4e7,+53,+12,53,12,41.0,41.0,0.548,0.5055,0.04250000000000009,0.04250000000000009,False,False,False,b4e7 e8e7 c4d5 e6d5 c3c4 h8d8 a2a4 c7c5 e1g1 b7a6 c1a3 a8c8,c1a3 e7b4 c3b4 e8d7 a3c1 c7c6 c1d2 b7a6 c4d5 c6d5 f2f3 f6e8
fen_0004,fen_suite,training/data/test_fens_60.txt,r3k2r/pbp1qppp/1p2pn2/3p4/1QPP4/2P1P1P1/P4PBP/R1B1K2R w KQkq - 0 1,null_safe,c1a3,timed,3.405995573994005,5,6,49621,14568.721221740301,631,60,34,1334,7,6930,0,0,0,29406,b4e7,+53,+12,53,12,41.0,41.0,0.548,0.5055,0.04250000000000009,0.04250000000000009,False,False,False,b4e7 e8e7 c4d5 e6d5 c3c4 h8d8 a2a4 c7c5 e1g1 b7a6 c1a3 a8c8,c1a3 e7b4 c3b4 e8d7 a3c1 c7c6 c1d2 b7a6 c4d5 c6d5 f2f3 f6e8
fen_0004,fen_suite,training/data/test_fens_60.txt,r3k2r/pbp1qppp/1p2pn2/3p4/1QPP4/2P1P1P1/P4PBP/R1B1K2R w KQkq - 0 1,null_no_endgame,c1a3,timed,3.4058542959974147,6,20,51456,15108.103731998011,686,216,110,1523,8,8066,0,0,0,30228,b4e7,+53,+12,53,12,41.0,41.0,0.548,0.5055,0.04250000000000009,0.04250000000000009,False,False,False,b4e7 e8e7 c4d5 e6d5 c3c4 h8d8 a2a4 c7c5 e1g1 b7a6 c1a3 a8c8,c1a3 e7b4 c3b4 e8d7 a3c1 c7c6 c1d2 b7a6 c4d5 c6d5 f2f3 f6e8
fen_0004,fen_suite,training/data/test_fens_60.txt,r3k2r/pbp1qppp/1p2pn2/3p4/1QPP4/2P1P1P1/P4PBP/R1B1K2R w KQkq - 0 1,no_lmr,c1a3,timed,3.403452903003199,5,6,52224,15344.41682854423,325,424,294,0,0,11773,0,0,0,29334,b4e7,+53,+12,53,12,41.0,41.0,0.548,0.5055,0.04250000000000009,0.04250000000000009,False,False,False,b4e7 e8e7 c4d5 e6d5 c3c4 h8d8 a2a4 c7c5 e1g1 b7a6 c1a3 a8c8,c1a3 e7b4 c3b4 e8d7 a3c1 c7c6 c1d2 b7a6 c4d5 c6d5 f2f3 f6e8
fen_0004,fen_suite,training/data/test_fens_60.txt,r3k2r/pbp1qppp/1p2pn2/3p4/1QPP4/2P1P1P1/P4PBP/R1B1K2R w KQkq - 0 1,lmr_safe,c1a3,timed,3.409847164002713,5,6,52169,15299.512702721973,873,183,90,497,2,11297,0,0,0,29267,b4e7,+53,+12,53,12,41.0,41.0,0.548,0.5055,0.04250000000000009,0.04250000000000009,False,False,False,b4e7 e8e7 c4d5 e6d5 c3c4 h8d8 a2a4 c7c5 e1g1 b7a6 c1a3 a8c8,c1a3 e7b4 c3b4 e8d7 a3c1 c7c6 c1d2 b7a6 c4d5 c6d5 f2f3 f6e8
fen_0004,fen_suite,training/data/test_fens_60.txt,r3k2r/pbp1qppp/1p2pn2/3p4/1QPP4/2P1P1P1/P4PBP/R1B1K2R w KQkq - 0 1,no_futility,c1a3,timed,3.406399405997945,5,6,59904,17585.72406234037,595,174,82,1340,8,0,0,0,0,34191,b4e7,+53,+12,53,12,41.0,41.0,0.548,0.5055,0.04250000000000009,0.04250000000000009,False,False,False,b4e7 e8e7 c4d5 e6d5 c3c4 h8d8 a2a4 c7c5 e1g1 b7a6 c1a3 a8c8,c1a3 e7b4 c3b4 e8d7 a3c1 c7c6 c1d2 b7a6 c4d5 c6d5 f2f3 f6e8
fen_0004,fen_suite,training/data/test_fens_60.txt,r3k2r/pbp1qppp/1p2pn2/3p4/1QPP4/2P1P1P1/P4PBP/R1B1K2R w KQkq - 0 1,no_selectivity,e1g1,timed,3.4080216989968903,4,29,67584,19830.859650891463,445,0,0,0,0,0,0,0,0,36214,b4e7,+53,-1,53,-1,54.0,54.0,0.548,0.5,0.04800000000000004,0.04800000000000004,False,False,False,b4e7 e8e7 c4d5 e6d5 c3c4 h8d8 a2a4 c7c5 e1g1 b7a6 c1a3 a8c8,e1g1 e7b4 c3b4 c7c6 c4d5 c6d5 f2f3 b7a6 f1e1 a6c4 a2a4 e8d7
fen_0004,fen_suite,training/data/test_fens_60.txt,r3k2r/pbp1qppp/1p2pn2/3p4/1QPP4/2P1P1P1/P4PBP/R1B1K2R w KQkq - 0 1,conservative,c1a3,timed,3.401836145989364,5,6,64768,19039.129817101573,405,32,15,150,1,1124,0,0,10928,35227,b4e7,+53,+12,53,12,41.0,41.0,0.548,0.5055,0.04250000000000009,0.04250000000000009,False,False,False,b4e7 e8e7 c4d5 e6d5 c3c4 h8d8 a2a4 c7c5 e1g1 b7a6 c1a3 a8c8,c1a3 e7b4 c3b4 e8d7 a3c1 c7c6 c1d2 b7a6 c4d5 c6d5 f2f3 f6e8
fen_0005,fen_suite,training/data/test_fens_60.txt,brnkqnrb/p1pppp1p/1p4p1/8/4P3/4N1P1/PPPP1P1P/BRNKQ1RB b - - 0 1,baseline,f7f5,timed,3.4164915820001625,6,19,60160,17608.70722379469,473,142,70,1289,23,862,0,0,0,33579,c8d6,+21,-4,21,-4,25.0,25.0,0.521,0.496,0.025000000000000022,0.025000000000000022,False,False,False,c8d6 f2f3 f7f5 e4f5 g6f5 f3f4 f8e6 b2b3 e6d4 a1d4 h8d4 h1a8,f7f5 e4f5 g6f5 f2f4 e8h5 c1e2 a8h1 g1h1 f8e6 b2b3 h8a1 b1a1
fen_0005,fen_suite,training/data/test_fens_60.txt,brnkqnrb/p1pppp1p/1p4p1/8/4P3/4N1P1/PPPP1P1P/BRNKQ1RB b - - 0 1,no_null,f7f5,timed,3.4131292189995293,5,12,59904,17551.049537339026,1116,0,0,1717,20,972,0,0,0,32864,c8d6,+21,-4,21,-4,25.0,25.0,0.521,0.496,0.025000000000000022,0.025000000000000022,False,False,False,c8d6 f2f3 f7f5 e4f5 g6f5 f3f4 f8e6 b2b3 e6d4 a1d4 h8d4 h1a8,f7f5 e4f5 g6f5 f2f4 e8h5 c1e2 a8h1 g1h1 f8e6 b2b3 h8a1 b1a1
fen_0005,fen_suite,training/data/test_fens_60.txt,brnkqnrb/p1pppp1p/1p4p1/8/4P3/4N1P1/PPPP1P1P/BRNKQ1RB b - - 0 1,null_safe,f7f5,timed,3.404394728015177,6,19,58368,17144.897893209225,557,55,42,1086,20,790,0,0,0,32519,c8d6,+21,-4,21,-4,25.0,25.0,0.521,0.496,0.025000000000000022,0.025000000000000022,False,False,False,c8d6 f2f3 f7f5 e4f5 g6f5 f3f4 f8e6 b2b3 e6d4 a1d4 h8d4 h1a8,f7f5 e4f5 g6f5 f2f4 e8h5 c1e2 a8h1 g1h1 f8e6 b2b3 h8a1 b1a1
fen_0005,fen_suite,training/data/test_fens_60.txt,brnkqnrb/p1pppp1p/1p4p1/8/4P3/4N1P1/PPPP1P1P/BRNKQ1RB b - - 0 1,null_no_endgame,f7f5,timed,3.4091811149846762,6,19,59904,17571.37505446649,473,141,70,1260,23,862,0,0,0,33402,c8d6,+21,-4,21,-4,25.0,25.0,0.521,0.496,0.025000000000000022,0.025000000000000022,False,False,False,c8d6 f2f3 f7f5 e4f5 g6f5 f3f4 f8e6 b2b3 e6d4 a1d4 h8d4 h1a8,f7f5 e4f5 g6f5 f2f4 e8h5 c1e2 a8h1 g1h1 f8e6 b2b3 h8a1 b1a1
fen_0005,fen_suite,training/data/test_fens_60.txt,brnkqnrb/p1pppp1p/1p4p1/8/4P3/4N1P1/PPPP1P1P/BRNKQ1RB b - - 0 1,no_lmr,f7f5,timed,3.4040908929891884,5,11,66560,19552.944410821114,291,119,58,0,0,985,0,0,0,34558,c8d6,+21,-4,21,-4,25.0,25.0,0.521,0.496,0.025000000000000022,0.025000000000000022,False,False,False,c8d6 f2f3 f7f5 e4f5 g6f5 f3f4 f8e6 b2b3 e6d4 a1d4 h8d4 h1a8,f7f5 e4f5 g6f5 f2f4 e8h5 c1e2 a8h1 g1h1 f8e6 b2b3 h8a1 b1a1
fen_0005,fen_suite,training/data/test_fens_60.txt,brnkqnrb/p1pppp1p/1p4p1/8/4P3/4N1P1/PPPP1P1P/BRNKQ1RB b - - 0 1,lmr_safe,f7f5,timed,3.412178347003646,5,12,65536,19206.498997202027,401,102,51,232,4,880,0,0,0,34757,c8d6,+21,-4,21,-4,25.0,25.0,0.521,0.496,0.025000000000000022,0.025000000000000022,False,False,False,c8d6 f2f3 f7f5 e4f5 g6f5 f3f4 f8e6 b2b3 e6d4 a1d4 h8d4 h1a8,f7f5 e4f5 g6f5 f2f4 e8h5 c1e2 a8h1 g1h1 f8e6 b2b3 h8a1 b1a1
fen_0005,fen_suite,training/data/test_fens_60.txt,brnkqnrb/p1pppp1p/1p4p1/8/4P3/4N1P1/PPPP1P1P/BRNKQ1RB b - - 0 1,no_futility,f7f5,timed,3.412230054003885,6,19,61440,18005.819955752035,473,141,70,1257,23,0,0,0,0,34164,c8d6,+21,-4,21,-4,25.0,25.0,0.521,0.496,0.025000000000000022,0.025000000000000022,False,False,False,c8d6 f2f3 f7f5 e4f5 g6f5 f3f4 f8e6 b2b3 e6d4 a1d4 h8d4 h1a8,f7f5 e4f5 g6f5 f2f4 e8h5 c1e2 a8h1 g1h1 f8e6 b2b3 h8a1 b1a1
fen_0005,fen_suite,training/data/test_fens_60.txt,brnkqnrb/p1pppp1p/1p4p1/8/4P3/4N1P1/PPPP1P1P/BRNKQ1RB b - - 0 1,no_selectivity,f7f5,timed,3.40445610799361,5,11,66304,19475.651292527826,500,0,0,0,0,0,0,0,0,34791,c8d6,+21,-4,21,-4,25.0,25.0,0.521,0.496,0.025000000000000022,0.025000000000000022,False,False,False,c8d6 f2f3 f7f5 e4f5 g6f5 f3f4 f8e6 b2b3 e6d4 a1d4 h8d4 h1a8,f7f5 e4f5 g6f5 f2f4 e8h5 c1e2 a8h1 g1h1 f8e6 b2b3 h8a1 b1a1
fen_0005,fen_suite,training/data/test_fens_60.txt,brnkqnrb/p1pppp1p/1p4p1/8/4P3/4N1P1/PPPP1P1P/BRNKQ1RB b - - 0 1,conservative,f7f5,timed,3.4011106429970823,5,12,64000,18817.382531137755,395,28,22,170,4,169,0,0,10525,34115,c8d6,+21,-4,21,-4,25.0,25.0,0.521,0.496,0.025000000000000022,0.025000000000000022,False,False,False,c8d6 f2f3 f7f5 e4f5 g6f5 f3f4 f8e6 b2b3 e6d4 a1d4 h8d4 h1a8,f7f5 e4f5 g6f5 f2f4 e8h5 c1e2 a8h1 g1h1 f8e6 b2b3 h8a1 b1a1
fen_0006,fen_suite,training/data/test_fens_60.txt,rnbqk2r/pp2bppp/3p1n2/2p1p3/4P3/P1P2N2/1P1PBPPP/RNBQ1RK1 b kq - 0 1,baseline,e8g8,timed,3.407505087001482,5,-3,55808,16377.965278141264,353,162,75,1007,16,3094,0,0,0,31763,e8g8,+16,+16,16,16,0.0,0.0,0.5155,0.5155,0.0,0.0,False,False,False,e8g8 d2d3 b8c6 c3c4 a7a6 b1c3 a8b8 c3d5 b7b5 b2b3 b5c4 b3c4,e8g8 d2d3 b8c6 c3c4 a7a6 b1c3 a8b8 c3d5 b7b5 b2b3 b5c4 b3c4
fen_0006,fen_suite,training/data/test_fens_60.txt,rnbqk2r/pp2bppp/3p1n2/2p1p3/4P3/P1P2N2/1P1PBPPP/RNBQ1RK1 b kq - 0 1,no_null,e8g8,timed,3.410036807996221,5,-3,52992,15540.008212151453,525,0,0,1426,16,3747,0,0,0,30393,e8g8,+16,+16,16,16,0.0,0.0,0.5155,0.5155,0.0,0.0,False,False,False,e8g8 d2d3 b8c6 c3c4 a7a6 b1c3 a8b8 c3d5 b7b5 b2b3 b5c4 b3c4,e8g8 d2d3 b8c6 c3c4 a7a6 b1c3 a8b8 c3d5 b7b5 b2b3 b5c4 b3c4
fen_0006,fen_suite,training/data/test_fens_60.txt,rnbqk2r/pp2bppp/3p1n2/2p1p3/4P3/P1P2N2/1P1PBPPP/RNBQ1RK1 b kq - 0 1,null_safe,e8g8,timed,3.422641665994888,5,-3,52736,15407.98165462372,390,50,24,910,16,2527,0,0,0,30362,e8g8,+16,+16,16,16,0.0,0.0,0.5155,0.5155,0.0,0.0,False,False,False,e8g8 d2d3 b8c6 c3c4 a7a6 b1c3 a8b8 c3d5 b7b5 b2b3 b5c4 b3c4,e8g8 d2d3 b8c6 c3c4 a7a6 b1c3 a8b8 c3d5 b7b5 b2b3 b5c4 b3c4
fen_0006,fen_suite,training/data/test_fens_60.txt,rnbqk2r/pp2bppp/3p1n2/2p1p3/4P3/P1P2N2/1P1PBPPP/RNBQ1RK1 b kq - 0 1,null_no_endgame,e8g8,timed,3.4019206920056604,5,-3,54784,16103.84396342325,347,157,74,1007,16,3094,0,0,0,31099,e8g8,+16,+16,16,16,0.0,0.0,0.5155,0.5155,0.0,0.0,False,False,False,e8g8 d2d3 b8c6 c3c4 a7a6 b1c3 a8b8 c3d5 b7b5 b2b3 b5c4 b3c4,e8g8 d2d3 b8c6 c3c4 a7a6 b1c3 a8b8 c3d5 b7b5 b2b3 b5c4 b3c4
fen_0006,fen_suite,training/data/test_fens_60.txt,rnbqk2r/pp2bppp/3p1n2/2p1p3/4P3/P1P2N2/1P1PBPPP/RNBQ1RK1 b kq - 0 1,no_lmr,e8g8,timed,3.4138164929754566,5,-3,64512,18897.325070854007,189,132,71,0,0,3650,0,0,0,34118,e8g8,+16,+16,16,16,0.0,0.0,0.5155,0.5155,0.0,0.0,False,False,False,e8g8 d2d3 b8c6 c3c4 a7a6 b1c3 a8b8 c3d5 b7b5 b2b3 b5c4 b3c4,e8g8 d2d3 b8c6 c3c4 a7a6 b1c3 a8b8 c3d5 b7b5 b2b3 b5c4 b3c4
fen_0006,fen_suite,training/data/test_fens_60.txt,rnbqk2r/pp2bppp/3p1n2/2p1p3/4P3/P1P2N2/1P1PBPPP/RNBQ1RK1 b kq - 0 1,lmr_safe,e8g8,timed,3.4200206490058918,5,-3,61952,18114.51051268003,425,131,56,235,0,3175,0,0,0,33247,e8g8,+16,+16,16,16,0.0,0.0,0.5155,0.5155,0.0,0.0,False,False,False,e8g8 d2d3 b8c6 c3c4 a7a6 b1c3 a8b8 c3d5 b7b5 b2b3 b5c4 b3c4,e8g8 d2d3 b8c6 c3c4 a7a6 b1c3 a8b8 c3d5 b7b5 b2b3 b5c4 b3c4
fen_0006,fen_suite,training/data/test_fens_60.txt,rnbqk2r/pp2bppp/3p1n2/2p1p3/4P3/P1P2N2/1P1PBPPP/RNBQ1RK1 b kq - 0 1,no_futility,e8g8,timed,3.4075956250017043,5,-3,59904,17579.550683913687,344,156,74,989,16,0,0,0,0,33708,e8g8,+16,+16,16,16,0.0,0.0,0.5155,0.5155,0.0,0.0,False,False,False,e8g8 d2d3 b8c6 c3c4 a7a6 b1c3 a8b8 c3d5 b7b5 b2b3 b5c4 b3c4,e8g8 d2d3 b8c6 c3c4 a7a6 b1c3 a8b8 c3d5 b7b5 b2b3 b5c4 b3c4
fen_0006,fen_suite,training/data/test_fens_60.txt,rnbqk2r/pp2bppp/3p1n2/2p1p3/4P3/P1P2N2/1P1PBPPP/RNBQ1RK1 b kq - 0 1,no_selectivity,e8g8,timed,3.4043788959970698,4,15,70400,20679.24932879169,380,0,0,0,0,0,0,0,0,36487,e8g8,+16,+16,16,16,0.0,0.0,0.5155,0.5155,0.0,0.0,False,False,False,e8g8 d2d3 b8c6 c3c4 a7a6 b1c3 a8b8 c3d5 b7b5 b2b3 b5c4 b3c4,e8g8 d2d3 b8c6 c3c4 a7a6 b1c3 a8b8 c3d5 b7b5 b2b3 b5c4 b3c4
fen_0006,fen_suite,training/data/test_fens_60.txt,rnbqk2r/pp2bppp/3p1n2/2p1p3/4P3/P1P2N2/1P1PBPPP/RNBQ1RK1 b kq - 0 1,conservative,e8g8,timed,3.417519972019363,5,-3,65792,19251.387128287784,418,35,16,71,0,177,0,0,11213,34492,e8g8,+16,+16,16,16,0.0,0.0,0.5155,0.5155,0.0,0.0,False,False,False,e8g8 d2d3 b8c6 c3c4 a7a6 b1c3 a8b8 c3d5 b7b5 b2b3 b5c4 b3c4,e8g8 d2d3 b8c6 c3c4 a7a6 b1c3 a8b8 c3d5 b7b5 b2b3 b5c4 b3c4
fen_0007,fen_suite,training/data/test_fens_60.txt,r1br2k1/pp2ppbp/5np1/4N1B1/q1B5/1Qn4P/PP3PP1/R4RK1 w - - 0 1,baseline,c4f7,timed,3.4061408790003043,5,216,49152,14430.407239769254,1467,125,30,1497,2,12537,0,0,0,35641,c4f7,+35,+35,35,35,0.0,0.0,0.526,0.526,0.0,0.0,False,False,False,c4f7 g8f8 b3c3 a4d4 c3e1 f6g8 e5f3 d4b2 a1b1 b2c3 f7b3 c3e1,c4f7 g8f8 b3c3 a4d4 c3e1 f6g8 e5f3 d4b2 a1b1 b2c3 f7b3 c3e1
fen_0007,fen_suite,training/data/test_fens_60.txt,r1br2k1/pp2ppbp/5np1/4N1B1/q1B5/1Qn4P/PP3PP1/R4RK1 w - - 0 1,no_null,c4f7,timed,3.4059305929986294,5,216,51456,15107.76529203944,2024,0,0,1862,2,13360,0,0,0,36926,c4f7,+35,+35,35,35,0.0,0.0,0.526,0.526,0.0,0.0,False,False,False,c4f7 g8f8 b3c3 a4d4 c3e1 f6g8 e5f3 d4b2 a1b1 b2c3 f7b3 c3e1,c4f7 g8f8 b3c3 a4d4 c3e1 f6g8 e5f3 d4b2 a1b1 b2c3 f7b3 c3e1
fen_0007,fen_suite,training/data/test_fens_60.txt,r1br2k1/pp2ppbp/5np1/4N1B1/q1B5/1Qn4P/PP3PP1/R4RK1 w - - 0 1,null_safe,c4f7,timed,3.4115403830073774,5,216,50688,14857.804484001732,1634,51,11,1458,2,11053,0,0,0,36728,c4f7,+35,+35,35,35,0.0,0.0,0.526,0.526,0.0,0.0,False,False,False,c4f7 g8f8 b3c3 a4d4 c3e1 f6g8 e5f3 d4b2 a1b1 b2c3 f7b3 c3e1,c4f7 g8f8 b3c3 a4d4 c3e1 f6g8 e5f3 d4b2 a1b1 b2c3 f7b3 c3e1
fen_0007,fen_suite,training/data/test_fens_60.txt,r1br2k1/pp2ppbp/5np1/4N1B1/q1B5/1Qn4P/PP3PP1/R4RK1 w - - 0 1,null_no_endgame,c4f7,timed,3.4135452719929162,5,216,52224,15299.050060499205,1523,138,37,1593,2,14106,0,0,0,37783,c4f7,+35,+35,35,35,0.0,0.0,0.526,0.526,0.0,0.0,False,False,False,c4f7 g8f8 b3c3 a4d4 c3e1 f6g8 e5f3 d4b2 a1b1 b2c3 f7b3 c3e1,c4f7 g8f8 b3c3 a4d4 c3e1 f6g8 e5f3 d4b2 a1b1 b2c3 f7b3 c3e1
fen_0007,fen_suite,training/data/test_fens_60.txt,r1br2k1/pp2ppbp/5np1/4N1B1/q1B5/1Qn4P/PP3PP1/R4RK1 w - - 0 1,no_lmr,c4f7,timed,3.409528185991803,5,216,55040,16142.99603861152,507,97,21,0,0,33422,0,0,0,37386,c4f7,+35,+35,35,35,0.0,0.0,0.526,0.526,0.0,0.0,False,False,False,c4f7 g8f8 b3c3 a4d4 c3e1 f6g8 e5f3 d4b2 a1b1 b2c3 f7b3 c3e1,c4f7 g8f8 b3c3 a4d4 c3e1 f6g8 e5f3 d4b2 a1b1 b2c3 f7b3 c3e1
fen_0007,fen_suite,training/data/test_fens_60.txt,r1br2k1/pp2ppbp/5np1/4N1B1/q1B5/1Qn4P/PP3PP1/R4RK1 w - - 0 1,lmr_safe,c4f7,timed,3.4191225490067154,5,216,55040,16097.697351032239,507,97,21,0,0,33422,0,0,0,37386,c4f7,+35,+35,35,35,0.0,0.0,0.526,0.526,0.0,0.0,False,False,False,c4f7 g8f8 b3c3 a4d4 c3e1 f6g8 e5f3 d4b2 a1b1 b2c3 f7b3 c3e1,c4f7 g8f8 b3c3 a4d4 c3e1 f6g8 e5f3 d4b2 a1b1 b2c3 f7b3 c3e1
fen_0007,fen_suite,training/data/test_fens_60.txt,r1br2k1/pp2ppbp/5np1/4N1B1/q1B5/1Qn4P/PP3PP1/R4RK1 w - - 0 1,no_futility,c4f7,timed,3.4081946270016488,5,216,61440,18027.13950466253,1419,103,23,1376,1,0,0,0,0,40358,c4f7,+35,+35,35,35,0.0,0.0,0.526,0.526,0.0,0.0,False,False,False,c4f7 g8f8 b3c3 a4d4 c3e1 f6g8 e5f3 d4b2 a1b1 b2c3 f7b3 c3e1,c4f7 g8f8 b3c3 a4d4 c3e1 f6g8 e5f3 d4b2 a1b1 b2c3 f7b3 c3e1
fen_0007,fen_suite,training/data/test_fens_60.txt,r1br2k1/pp2ppbp/5np1/4N1B1/q1B5/1Qn4P/PP3PP1/R4RK1 w - - 0 1,no_selectivity,c4f7,timed,3.408634544000961,4,213,62976,18475.433252542385,380,0,0,0,0,0,0,0,0,39843,c4f7,+35,+35,35,35,0.0,0.0,0.526,0.526,0.0,0.0,False,False,False,c4f7 g8f8 b3c3 a4d4 c3e1 f6g8 e5f3 d4b2 a1b1 b2c3 f7b3 c3e1,c4f7 g8f8 b3c3 a4d4 c3e1 f6g8 e5f3 d4b2 a1b1 b2c3 f7b3 c3e1
fen_0007,fen_suite,training/data/test_fens_60.txt,r1br2k1/pp2ppbp/5np1/4N1B1/q1B5/1Qn4P/PP3PP1/R4RK1 w - - 0 1,conservative,c4f7,timed,3.4072163439996075,4,213,60578,17779.323026165603,455,34,10,0,0,18523,0,0,25592,37174,c4f7,+35,+35,35,35,0.0,0.0,0.526,0.526,0.0,0.0,False,False,False,c4f7 g8f8 b3c3 a4d4 c3e1 f6g8 e5f3 d4b2 a1b1 b2c3 f7b3 c3e1,c4f7 g8f8 b3c3 a4d4 c3e1 f6g8 e5f3 d4b2 a1b1 b2c3 f7b3 c3e1
fen_0008,fen_suite,training/data/test_fens_60.txt,r3r1k1/pp1q1pb1/2p3p1/3pBb1p/3P4/2N5/PPPQ1PPP/R3R1K1 w - - 0 1,baseline,e5g7,timed,3.4083411140018143,6,11,56832,16674.387362969137,666,194,136,1180,31,5717,0,0,0,33607,e5g7,-33,-33,-33,-33,0.0,0.0,0.483,0.483,0.0,0.0,False,False,False,e5g7 g8g7 h2h3 d7d6 a2a3 h5h4 a1d1 d6f6 d1c1 a8d8 f2f3 b7b6,e5g7 g8g7 h2h3 d7d6 a2a3 h5h4 a1d1 d6f6 d1c1 a8d8 f2f3 b7b6
fen_0008,fen_suite,training/data/test_fens_60.txt,r3r1k1/pp1q1pb1/2p3p1/3pBb1p/3P4/2N5/PPPQ1PPP/R3R1K1 w - - 0 1,no_null,e5g7,timed,3.412162051012274,5,-19,54784,16055.50943389322,594,0,0,1694,19,2655,0,0,0,33499,e5g7,-33,-33,-33,-33,0.0,0.0,0.483,0.483,0.0,0.0,False,False,False,e5g7 g8g7 h2h3 d7d6 a2a3 h5h4 a1d1 d6f6 d1c1 a8d8 f2f3 b7b6,e5g7 g8g7 h2h3 d7d6 a2a3 h5h4 a1d1 d6f6 d1c1 a8d8 f2f3 b7b6
fen_0008,fen_suite,training/data/test_fens_60.txt,r3r1k1/pp1q1pb1/2p3p1/3pBb1p/3P4/2N5/PPPQ1PPP/R3R1K1 w - - 0 1,null_safe,e5g7,timed,3.400611504999688,5,-19,53504,15733.640823521508,794,80,61,924,17,4190,0,0,0,32507,e5g7,-33,-33,-33,-33,0.0,0.0,0.483,0.483,0.0,0.0,False,False,False,e5g7 g8g7 h2h3 d7d6 a2a3 h5h4 a1d1 d6f6 d1c1 a8d8 f2f3 b7b6,e5g7 g8g7 h2h3 d7d6 a2a3 h5h4 a1d1 d6f6 d1c1 a8d8 f2f3 b7b6
fen_0008,fen_suite,training/data/test_fens_60.txt,r3r1k1/pp1q1pb1/2p3p1/3pBb1p/3P4/2N5/PPPQ1PPP/R3R1K1 w - - 0 1,null_no_endgame,e5g7,timed,3.4093150240078103,6,11,58112,17045.066117617553,666,196,136,1219,35,5717,0,0,0,34325,e5g7,-33,-33,-33,-33,0.0,0.0,0.483,0.483,0.0,0.0,False,False,False,e5g7 g8g7 h2h3 d7d6 a2a3 h5h4 a1d1 d6f6 d1c1 a8d8 f2f3 b7b6,e5g7 g8g7 h2h3 d7d6 a2a3 h5h4 a1d1 d6f6 d1c1 a8d8 f2f3 b7b6
fen_0008,fen_suite,training/data/test_fens_60.txt,r3r1k1/pp1q1pb1/2p3p1/3pBb1p/3P4/2N5/PPPQ1PPP/R3R1K1 w - - 0 1,no_lmr,e5g7,timed,3.4112552989972755,5,-19,63694,18671.71888856357,129,337,281,0,0,8585,0,0,0,35120,e5g7,-33,-33,-33,-33,0.0,0.0,0.483,0.483,0.0,0.0,False,False,False,e5g7 g8g7 h2h3 d7d6 a2a3 h5h4 a1d1 d6f6 d1c1 a8d8 f2f3 b7b6,e5g7 g8g7 h2h3 d7d6 a2a3 h5h4 a1d1 d6f6 d1c1 a8d8 f2f3 b7b6
fen_0008,fen_suite,training/data/test_fens_60.txt,r3r1k1/pp1q1pb1/2p3p1/3pBb1p/3P4/2N5/PPPQ1PPP/R3R1K1 w - - 0 1,lmr_safe,e5g7,timed,3.404404228000203,5,-19,62464,18347.997422354358,712,177,130,253,1,6954,0,0,0,34558,e5g7,-33,-33,-33,-33,0.0,0.0,0.483,0.483,0.0,0.0,False,False,False,e5g7 g8g7 h2h3 d7d6 a2a3 h5h4 a1d1 d6f6 d1c1 a8d8 f2f3 b7b6,e5g7 g8g7 h2h3 d7d6 a2a3 h5h4 a1d1 d6f6 d1c1 a8d8 f2f3 b7b6
fen_0008,fen_suite,training/data/test_fens_60.txt,r3r1k1/pp1q1pb1/2p3p1/3pBb1p/3P4/2N5/PPPQ1PPP/R3R1K1 w - - 0 1,no_futility,e5g7,timed,3.405354062007973,6,11,63744,18718.758413747215,656,189,136,1052,22,0,0,0,0,36865,e5g7,-33,-33,-33,-33,0.0,0.0,0.483,0.483,0.0,0.0,False,False,False,e5g7 g8g7 h2h3 d7d6 a2a3 h5h4 a1d1 d6f6 d1c1 a8d8 f2f3 b7b6,e5g7 g8g7 h2h3 d7d6 a2a3 h5h4 a1d1 d6f6 d1c1 a8d8 f2f3 b7b6
fen_0008,fen_suite,training/data/test_fens_60.txt,r3r1k1/pp1q1pb1/2p3p1/3pBb1p/3P4/2N5/PPPQ1PPP/R3R1K1 w - - 0 1,no_selectivity,e5g7,timed,3.4033151409821585,4,9,70912,20836.154473645245,293,0,0,0,0,0,0,0,0,38503,e5g7,-33,-33,-33,-33,0.0,0.0,0.483,0.483,0.0,0.0,False,False,False,e5g7 g8g7 h2h3 d7d6 a2a3 h5h4 a1d1 d6f6 d1c1 a8d8 f2f3 b7b6,e5g7 g8g7 h2h3 d7d6 a2a3 h5h4 a1d1 d6f6 d1c1 a8d8 f2f3 b7b6
fen_0008,fen_suite,training/data/test_fens_60.txt,r3r1k1/pp1q1pb1/2p3p1/3pBb1p/3P4/2N5/PPPQ1PPP/R3R1K1 w - - 0 1,conservative,e5g7,timed,3.4148592470155563,5,-19,69888,20465.8508432168,232,45,30,75,1,1361,0,0,14177,36978,e5g7,-33,-33,-33,-33,0.0,0.0,0.483,0.483,0.0,0.0,False,False,False,e5g7 g8g7 h2h3 d7d6 a2a3 h5h4 a1d1 d6f6 d1c1 a8d8 f2f3 b7b6,e5g7 g8g7 h2h3 d7d6 a2a3 h5h4 a1d1 d6f6 d1c1 a8d8 f2f3 b7b6
fen_0009,fen_suite,training/data/test_fens_60.txt,r3kb1r/6p1/pqb1pp1p/3pB3/3p2P1/1P6/P1P2PBP/R2Q1RK1 w kq - 0 1,baseline,e5d4,timed,3.40579444199102,7,49,56576,16611.689567185327,863,893,749,2069,1,10875,0,0,0,32841,e5d4,-1,-1,-1,-1,0.0,0.0,0.5,0.5,0.0,0.0,False,False,False,e5d4 f8c5 d4c5 b6c5 f1e1 e8f7 c2c3 a6a5 a1b1 h8e8 e1e3 a8c8,e5d4 f8c5 d4c5 b6c5 f1e1 e8f7 c2c3 a6a5 a1b1 h8e8 e1e3 a8c8
fen_0009,fen_suite,training/data/test_fens_60.txt,r3kb1r/6p1/pqb1pp1p/3pB3/3p2P1/1P6/P1P2PBP/R2Q1RK1 w kq - 0 1,no_null,e5d4,timed,3.409485913987737,5,77,52381,15363.313215374204,1080,0,0,1790,2,11869,0,0,0,30643,e5d4,-1,-1,-1,-1,0.0,0.0,0.5,0.5,0.0,0.0,False,False,False,e5d4 f8c5 d4c5 b6c5 f1e1 e8f7 c2c3 a6a5 a1b1 h8e8 e1e3 a8c8,e5d4 f8c5 d4c5 b6c5 f1e1 e8f7 c2c3 a6a5 a1b1 h8e8 e1e3 a8c8
fen_0009,fen_suite,training/data/test_fens_60.txt,r3kb1r/6p1/pqb1pp1p/3pB3/3p2P1/1P6/P1P2PBP/R2Q1RK1 w kq - 0 1,null_safe,e5d4,timed,3.4101959179970436,6,63,51200,15013.800154353592,902,69,34,1176,1,10398,0,0,0,30702,e5d4,-1,-1,-1,-1,0.0,0.0,0.5,0.5,0.0,0.0,False,False,False,e5d4 f8c5 d4c5 b6c5 f1e1 e8f7 c2c3 a6a5 a1b1 h8e8 e1e3 a8c8,e5d4 f8c5 d4c5 b6c5 f1e1 e8f7 c2c3 a6a5 a1b1 h8e8 e1e3 a8c8
fen_0009,fen_suite,training/data/test_fens_60.txt,r3kb1r/6p1/pqb1pp1p/3pB3/3p2P1/1P6/P1P2PBP/R2Q1RK1 w kq - 0 1,null_no_endgame,e5d4,timed,3.4049028379959054,7,49,57344,16841.59658245994,883,895,749,2106,2,10899,0,0,0,33335,e5d4,-1,-1,-1,-1,0.0,0.0,0.5,0.5,0.0,0.0,False,False,False,e5d4 f8c5 d4c5 b6c5 f1e1 e8f7 c2c3 a6a5 a1b1 h8e8 e1e3 a8c8,e5d4 f8c5 d4c5 b6c5 f1e1 e8f7 c2c3 a6a5 a1b1 h8e8 e1e3 a8c8
fen_0009,fen_suite,training/data/test_fens_60.txt,r3kb1r/6p1/pqb1pp1p/3pB3/3p2P1/1P6/P1P2PBP/R2Q1RK1 w kq - 0 1,no_lmr,e5d4,timed,3.409008858987363,6,63,58112,17046.596944679695,501,847,707,0,0,14381,0,0,0,32968,e5d4,-1,-1,-1,-1,0.0,0.0,0.5,0.5,0.0,0.0,False,False,False,e5d4 f8c5 d4c5 b6c5 f1e1 e8f7 c2c3 a6a5 a1b1 h8e8 e1e3 a8c8,e5d4 f8c5 d4c5 b6c5 f1e1 e8f7 c2c3 a6a5 a1b1 h8e8 e1e3 a8c8
fen_0009,fen_suite,training/data/test_fens_60.txt,r3kb1r/6p1/pqb1pp1p/3pB3/3p2P1/1P6/P1P2PBP/R2Q1RK1 w kq - 0 1,lmr_safe,e5d4,timed,3.41124074999243,6,63,60416,17710.857845531445,853,380,249,824,0,16576,0,0,0,33350,e5d4,-1,-1,-1,-1,0.0,0.0,0.5,0.5,0.0,0.0,False,False,False,e5d4 f8c5 d4c5 b6c5 f1e1 e8f7 c2c3 a6a5 a1b1 h8e8 e1e3 a8c8,e5d4 f8c5 d4c5 b6c5 f1e1 e8f7 c2c3 a6a5 a1b1 h8e8 e1e3 a8c8
fen_0009,fen_suite,training/data/test_fens_60.txt,r3kb1r/6p1/pqb1pp1p/3pB3/3p2P1/1P6/P1P2PBP/R2Q1RK1 w kq - 0 1,no_futility,e5d4,timed,3.4134528930007946,6,63,66816,19574.31436566904,758,338,219,1494,1,0,0,0,0,36875,e5d4,-1,-1,-1,-1,0.0,0.0,0.5,0.5,0.0,0.0,False,False,False,e5d4 f8c5 d4c5 b6c5 f1e1 e8f7 c2c3 a6a5 a1b1 h8e8 e1e3 a8c8,e5d4 f8c5 d4c5 b6c5 f1e1 e8f7 c2c3 a6a5 a1b1 h8e8 e1e3 a8c8
fen_0009,fen_suite,training/data/test_fens_60.txt,r3kb1r/6p1/pqb1pp1p/3pB3/3p2P1/1P6/P1P2PBP/R2Q1RK1 w kq - 0 1,no_selectivity,e5d4,timed,3.4056401559791993,5,77,70144,20596.421461865222,880,0,0,0,0,0,0,0,0,37897,e5d4,-1,-1,-1,-1,0.0,0.0,0.5,0.5,0.0,0.0,False,False,False,e5d4 f8c5 d4c5 b6c5 f1e1 e8f7 c2c3 a6a5 a1b1 h8e8 e1e3 a8c8,e5d4 f8c5 d4c5 b6c5 f1e1 e8f7 c2c3 a6a5 a1b1 h8e8 e1e3 a8c8
fen_0009,fen_suite,training/data/test_fens_60.txt,r3kb1r/6p1/pqb1pp1p/3pB3/3p2P1/1P6/P1P2PBP/R2Q1RK1 w kq - 0 1,conservative,e5d4,timed,3.405156092980178,5,77,60086,17645.59343516408,966,66,35,564,0,5989,0,0,19932,33017,e5d4,-1,-1,-1,-1,0.0,0.0,0.5,0.5,0.0,0.0,False,False,False,e5d4 f8c5 d4c5 b6c5 f1e1 e8f7 c2c3 a6a5 a1b1 h8e8 e1e3 a8c8,e5d4 f8c5 d4c5 b6c5 f1e1 e8f7 c2c3 a6a5 a1b1 h8e8 e1e3 a8c8
fen_0010,fen_suite,training/data/test_fens_60.txt,r2q1rk1/1pp2pbp/3p1np1/p2Pp3/P1BnP3/2N4P/1PP2PP1/R1BQ1RK1 w - - 0 1,baseline,c1g5,timed,3.4019912549993023,5,59,55040,16178.759989202643,202,121,77,1086,73,2908,0,0,0,34488,c1g5,+98,+98,98,98,0.0,0.0,0.737,0.737,0.0,0.0,False,False,False,c1g5 c7c6 c3b1 d8d7 g5f6 g7f6 b1a3 c6d5 c4d5 d4e6 a3c4 a8a6,c1g5 c7c6 c3b1 d8d7 g5f6 g7f6 b1a3 c6d5 c4d5 d4e6 a3c4 a8a6
fen_0010,fen_suite,training/data/test_fens_60.txt,r2q1rk1/1pp2pbp/3p1np1/p2Pp3/P1BnP3/2N4P/1PP2PP1/R1BQ1RK1 w - - 0 1,no_null,a1a3,timed,3.409703029989032,5,63,54784,16067.08839982942,757,0,0,1587,53,2700,0,0,0,32506,c1g5,+98,+26,98,26,72.0,72.0,0.737,0.5195,0.21750000000000003,0.21750000000000003,False,False,False,c1g5 c7c6 c3b1 d8d7 g5f6 g7f6 b1a3 c6d5 c4d5 d4e6 a3c4 a8a6,a1a3 c7c6 c1g5 a8c8 a3a1 d8c7 c4a2 c8e8 g1h1 h7h6 g5f6 g7f6
fen_0010,fen_suite,training/data/test_fens_60.txt,r2q1rk1/1pp2pbp/3p1np1/p2Pp3/P1BnP3/2N4P/1PP2PP1/R1BQ1RK1 w - - 0 1,null_safe,c1g5,timed,3.403301743004704,5,59,53760,15796.424783814915,250,39,35,816,77,1873,0,0,0,33438,c1g5,+98,+98,98,98,0.0,0.0,0.737,0.737,0.0,0.0,False,False,False,c1g5 c7c6 c3b1 d8d7 g5f6 g7f6 b1a3 c6d5 c4d5 d4e6 a3c4 a8a6,c1g5 c7c6 c3b1 d8d7 g5f6 g7f6 b1a3 c6d5 c4d5 d4e6 a3c4 a8a6
fen_0010,fen_suite,training/data/test_fens_60.txt,r2q1rk1/1pp2pbp/3p1np1/p2Pp3/P1BnP3/2N4P/1PP2PP1/R1BQ1RK1 w - - 0 1,null_no_endgame,c1g5,timed,3.417751937988214,5,59,54272,15879.44385219076,202,121,77,1060,73,2908,0,0,0,33998,c1g5,+98,+98,98,98,0.0,0.0,0.737,0.737,0.0,0.0,False,False,False,c1g5 c7c6 c3b1 d8d7 g5f6 g7f6 b1a3 c6d5 c4d5 d4e6 a3c4 a8a6,c1g5 c7c6 c3b1 d8d7 g5f6 g7f6 b1a3 c6d5 c4d5 d4e6 a3c4 a8a6
fen_0010,fen_suite,training/data/test_fens_60.txt,r2q1rk1/1pp2pbp/3p1np1/p2Pp3/P1BnP3/2N4P/1PP2PP1/R1BQ1RK1 w - - 0 1,no_lmr,c1g5,timed,3.4137842929922044,5,54,59392,17397.701466352028,204,116,74,0,0,3951,0,0,0,36208,c1g5,+98,+98,98,98,0.0,0.0,0.737,0.737,0.0,0.0,False,False,False,c1g5 c7c6 c3b1 d8d7 g5f6 g7f6 b1a3 c6d5 c4d5 d4e6 a3c4 a8a6,c1g5 c7c6 c3b1 d8d7 g5f6 g7f6 b1a3 c6d5 c4d5 d4e6 a3c4 a8a6
fen_0010,fen_suite,training/data/test_fens_60.txt,r2q1rk1/1pp2pbp/3p1np1/p2Pp3/P1BnP3/2N4P/1PP2PP1/R1BQ1RK1 w - - 0 1,lmr_safe,c1g5,timed,3.413256850995822,5,59,59392,17400.389889402057,181,98,68,88,5,6022,0,0,0,34203,c1g5,+98,+98,98,98,0.0,0.0,0.737,0.737,0.0,0.0,False,False,False,c1g5 c7c6 c3b1 d8d7 g5f6 g7f6 b1a3 c6d5 c4d5 d4e6 a3c4 a8a6,c1g5 c7c6 c3b1 d8d7 g5f6 g7f6 b1a3 c6d5 c4d5 d4e6 a3c4 a8a6
fen_0010,fen_suite,training/data/test_fens_60.txt,r2q1rk1/1pp2pbp/3p1np1/p2Pp3/P1BnP3/2N4P/1PP2PP1/R1BQ1RK1 w - - 0 1,no_futility,c1g5,timed,3.4054574480105657,5,59,57344,16838.85377381526,196,111,72,1046,71,0,0,0,0,35278,c1g5,+98,+98,98,98,0.0,0.0,0.737,0.737,0.0,0.0,False,False,False,c1g5 c7c6 c3b1 d8d7 g5f6 g7f6 b1a3 c6d5 c4d5 d4e6 a3c4 a8a6,c1g5 c7c6 c3b1 d8d7 g5f6 g7f6 b1a3 c6d5 c4d5 d4e6 a3c4 a8a6
fen_0010,fen_suite,training/data/test_fens_60.txt,r2q1rk1/1pp2pbp/3p1np1/p2Pp3/P1BnP3/2N4P/1PP2PP1/R1BQ1RK1 w - - 0 1,no_selectivity,c1g5,timed,3.402670915995259,4,64,55808,16401.233436256804,196,0,0,0,0,0,0,0,0,32911,c1g5,+98,+98,98,98,0.0,0.0,0.737,0.737,0.0,0.0,False,False,False,c1g5 c7c6 c3b1 d8d7 g5f6 g7f6 b1a3 c6d5 c4d5 d4e6 a3c4 a8a6,c1g5 c7c6 c3b1 d8d7 g5f6 g7f6 b1a3 c6d5 c4d5 d4e6 a3c4 a8a6
fen_0010,fen_suite,training/data/test_fens_60.txt,r2q1rk1/1pp2pbp/3p1np1/p2Pp3/P1BnP3/2N4P/1PP2PP1/R1BQ1RK1 w - - 0 1,conservative,c1g5,timed,3.4051967020204756,5,59,51712,15186.20054145966,171,36,34,63,1,1336,0,0,16174,29161,c1g5,+98,+98,98,98,0.0,0.0,0.737,0.737,0.0,0.0,False,False,False,c1g5 c7c6 c3b1 d8d7 g5f6 g7f6 b1a3 c6d5 c4d5 d4e6 a3c4 a8a6,c1g5 c7c6 c3b1 d8d7 g5f6 g7f6 b1a3 c6d5 c4d5 d4e6 a3c4 a8a6
fen_0011,fen_suite,training/data/test_fens_60.txt,2rq1rk1/pp4pp/2n2np1/4N3/1b4P1/2N4P/PPPB1P2/R2QR1K1 w - - 0 1,baseline,e5d3,timed,3.419664989982266,5,43,52736,15421.393661217522,450,107,33,1493,21,3622,0,0,0,35055,e5c6,+43,+31,43,31,12.0,12.0,0.533,0.519,0.014000000000000012,0.014000000000000012,False,False,False,e5c6 c8c6 d1e2 h7h5 a1d1 h5g4 h3g4 d8d4 g1g2 d4g4 e2g4 f6g4,e5d3 b4a5 d3c5 f8f7 c5e6 d8d7 e6g5 f7f8 d2f4 a5c3 b2c3 d7d5
fen_0011,fen_suite,training/data/test_fens_60.txt,2rq1rk1/pp4pp/2n2np1/4N3/1b4P1/2N4P/PPPB1P2/R2QR1K1 w - - 0 1,no_null,e5d3,timed,3.4008504349912982,5,43,52992,15581.984863187785,563,0,0,1869,21,4535,0,0,0,34854,e5c6,+43,+31,43,31,12.0,12.0,0.533,0.519,0.014000000000000012,0.014000000000000012,False,False,False,e5c6 c8c6 d1e2 h7h5 a1d1 h5g4 h3g4 d8d4 g1g2 d4g4 e2g4 f6g4,e5d3 b4a5 d3c5 f8f7 c5e6 d8d7 e6g5 f7f8 d2f4 a5c3 b2c3 d7d5
fen_0011,fen_suite,training/data/test_fens_60.txt,2rq1rk1/pp4pp/2n2np1/4N3/1b4P1/2N4P/PPPB1P2/R2QR1K1 w - - 0 1,null_safe,e5d3,timed,3.413628713984508,5,43,54528,15973.617686251822,516,36,13,1485,21,3622,0,0,0,36167,e5c6,+43,+31,43,31,12.0,12.0,0.533,0.519,0.014000000000000012,0.014000000000000012,False,False,False,e5c6 c8c6 d1e2 h7h5 a1d1 h5g4 h3g4 d8d4 g1g2 d4g4 e2g4 f6g4,e5d3 b4a5 d3c5 f8f7 c5e6 d8d7 e6g5 f7f8 d2f4 a5c3 b2c3 d7d5
fen_0011,fen_suite,training/data/test_fens_60.txt,2rq1rk1/pp4pp/2n2np1/4N3/1b4P1/2N4P/PPPB1P2/R2QR1K1 w - - 0 1,null_no_endgame,e5d3,timed,3.405637187999673,5,43,54528,16011.100710357063,472,113,34,1499,21,3622,0,0,0,36329,e5c6,+43,+31,43,31,12.0,12.0,0.533,0.519,0.014000000000000012,0.014000000000000012,False,False,False,e5c6 c8c6 d1e2 h7h5 a1d1 h5g4 h3g4 d8d4 g1g2 d4g4 e2g4 f6g4,e5d3 b4a5 d3c5 f8f7 c5e6 d8d7 e6g5 f7f8 d2f4 a5c3 b2c3 d7d5
fen_0011,fen_suite,training/data/test_fens_60.txt,2rq1rk1/pp4pp/2n2np1/4N3/1b4P1/2N4P/PPPB1P2/R2QR1K1 w - - 0 1,no_lmr,e5c6,timed,3.412757167010568,4,81,54272,15902.684352880575,314,103,30,0,0,21925,0,1,0,33658,e5c6,+43,+43,43,43,0.0,0.0,0.533,0.533,0.0,0.0,False,False,False,e5c6 c8c6 d1e2 h7h5 a1d1 h5g4 h3g4 d8d4 g1g2 d4g4 e2g4 f6g4,e5c6 c8c6 d1e2 h7h5 a1d1 h5g4 h3g4 d8d4 g1g2 d4g4 e2g4 f6g4
fen_0011,fen_suite,training/data/test_fens_60.txt,2rq1rk1/pp4pp/2n2np1/4N3/1b4P1/2N4P/PPPB1P2/R2QR1K1 w - - 0 1,lmr_safe,e5d3,timed,3.411567349015968,5,43,58112,17033.812923775877,366,82,28,111,0,23649,0,0,0,34688,e5c6,+43,+31,43,31,12.0,12.0,0.533,0.519,0.014000000000000012,0.014000000000000012,False,False,False,e5c6 c8c6 d1e2 h7h5 a1d1 h5g4 h3g4 d8d4 g1g2 d4g4 e2g4 f6g4,e5d3 b4a5 d3c5 f8f7 c5e6 d8d7 e6g5 f7f8 d2f4 a5c3 b2c3 d7d5
fen_0011,fen_suite,training/data/test_fens_60.txt,2rq1rk1/pp4pp/2n2np1/4N3/1b4P1/2N4P/PPPB1P2/R2QR1K1 w - - 0 1,no_futility,e5d3,timed,3.418011985020712,5,43,59648,17451.079826930025,439,106,33,1492,21,0,0,0,0,38434,e5c6,+43,+31,43,31,12.0,12.0,0.533,0.519,0.014000000000000012,0.014000000000000012,False,False,False,e5c6 c8c6 d1e2 h7h5 a1d1 h5g4 h3g4 d8d4 g1g2 d4g4 e2g4 f6g4,e5d3 b4a5 d3c5 f8f7 c5e6 d8d7 e6g5 f7f8 d2f4 a5c3 b2c3 d7d5
fen_0011,fen_suite,training/data/test_fens_60.txt,2rq1rk1/pp4pp/2n2np1/4N3/1b4P1/2N4P/PPPB1P2/R2QR1K1 w - - 0 1,no_selectivity,e5c6,timed,3.4071628140227403,4,81,62976,18483.4137484748,331,0,0,0,0,0,0,0,0,37582,e5c6,+43,+43,43,43,0.0,0.0,0.533,0.533,0.0,0.0,False,False,False,e5c6 c8c6 d1e2 h7h5 a1d1 h5g4 h3g4 d8d4 g1g2 d4g4 e2g4 f6g4,e5c6 c8c6 d1e2 h7h5 a1d1 h5g4 h3g4 d8d4 g1g2 d4g4 e2g4 f6g4
fen_0011,fen_suite,training/data/test_fens_60.txt,2rq1rk1/pp4pp/2n2np1/4N3/1b4P1/2N4P/PPPB1P2/R2QR1K1 w - - 0 1,conservative,e5c6,timed,3.4066058339958545,4,81,62976,18486.435786476326,343,16,1,72,0,9749,0,0,19997,36890,e5c6,+43,+43,43,43,0.0,0.0,0.533,0.533,0.0,0.0,False,False,False,e5c6 c8c6 d1e2 h7h5 a1d1 h5g4 h3g4 d8d4 g1g2 d4g4 e2g4 f6g4,e5c6 c8c6 d1e2 h7h5 a1d1 h5g4 h3g4 d8d4 g1g2 d4g4 e2g4 f6g4
fen_0012,fen_suite,training/data/test_fens_60.txt,r1bqkb1r/ppp1nppp/5n2/3pp3/2B1P3/2P2Q2/PP1PNPPP/RNB1K2R w KQkq - 0 1,baseline,e4d5,timed,3.4004946920031216,6,-62,50176,14755.500168254324,447,209,98,1685,18,11743,0,0,0,29109,e4d5,-138,-138,-138,-138,0.0,0.0,0.1025,0.1025,0.0,0.0,False,False,False,e4d5 e5e4 f3g3 e7f5 g3e5 f8e7 e2d4 f5h4 e1g1 h4g6 e5g3 f6d5,e4d5 e5e4 f3g3 e7f5 g3e5 f8e7 e2d4 f5h4 e1g1 h4g6 e5g3 f6d5
fen_0012,fen_suite,training/data/test_fens_60.txt,r1bqkb1r/ppp1nppp/5n2/3pp3/2B1P3/2P2Q2/PP1PNPPP/RNB1K2R w KQkq - 0 1,no_null,e4d5,timed,3.400868079974316,5,-80,46080,13549.481754772447,476,0,0,1756,16,11800,0,0,0,27516,e4d5,-138,-138,-138,-138,0.0,0.0,0.1025,0.1025,0.0,0.0,False,False,False,e4d5 e5e4 f3g3 e7f5 g3e5 f8e7 e2d4 f5h4 e1g1 h4g6 e5g3 f6d5,e4d5 e5e4 f3g3 e7f5 g3e5 f8e7 e2d4 f5h4 e1g1 h4g6 e5g3 f6d5
fen_0012,fen_suite,training/data/test_fens_60.txt,r1bqkb1r/ppp1nppp/5n2/3pp3/2B1P3/2P2Q2/PP1PNPPP/RNB1K2R w KQkq - 0 1,null_safe,e4d5,timed,3.401241967017995,5,-80,48128,14150.125297376517,443,58,26,1266,16,9071,0,0,0,28799,e4d5,-138,-138,-138,-138,0.0,0.0,0.1025,0.1025,0.0,0.0,False,False,False,e4d5 e5e4 f3g3 e7f5 g3e5 f8e7 e2d4 f5h4 e1g1 h4g6 e5g3 f6d5,e4d5 e5e4 f3g3 e7f5 g3e5 f8e7 e2d4 f5h4 e1g1 h4g6 e5g3 f6d5
fen_0012,fen_suite,training/data/test_fens_60.txt,r1bqkb1r/ppp1nppp/5n2/3pp3/2B1P3/2P2Q2/PP1PNPPP/RNB1K2R w KQkq - 0 1,null_no_endgame,e4d5,timed,3.412249447981594,6,-62,50688,14854.71703423759,448,210,98,1686,19,11768,0,0,0,29415,e4d5,-138,-138,-138,-138,0.0,0.0,0.1025,0.1025,0.0,0.0,False,False,False,e4d5 e5e4 f3g3 e7f5 g3e5 f8e7 e2d4 f5h4 e1g1 h4g6 e5g3 f6d5,e4d5 e5e4 f3g3 e7f5 g3e5 f8e7 e2d4 f5h4 e1g1 h4g6 e5g3 f6d5
fen_0012,fen_suite,training/data/test_fens_60.txt,r1bqkb1r/ppp1nppp/5n2/3pp3/2B1P3/2P2Q2/PP1PNPPP/RNB1K2R w KQkq - 0 1,no_lmr,e4d5,timed,3.4188489129883237,5,-80,54272,15874.348759261873,263,137,63,0,0,11696,0,0,0,30454,e4d5,-138,-138,-138,-138,0.0,0.0,0.1025,0.1025,0.0,0.0,False,False,False,e4d5 e5e4 f3g3 e7f5 g3e5 f8e7 e2d4 f5h4 e1g1 h4g6 e5g3 f6d5,e4d5 e5e4 f3g3 e7f5 g3e5 f8e7 e2d4 f5h4 e1g1 h4g6 e5g3 f6d5
fen_0012,fen_suite,training/data/test_fens_60.txt,r1bqkb1r/ppp1nppp/5n2/3pp3/2B1P3/2P2Q2/PP1PNPPP/RNB1K2R w KQkq - 0 1,lmr_safe,e4d5,timed,3.4018628359772265,6,-62,51968,15276.336085746843,991,220,115,733,1,13436,0,0,0,28751,e4d5,-138,-138,-138,-138,0.0,0.0,0.1025,0.1025,0.0,0.0,False,False,False,e4d5 e5e4 f3g3 e7f5 g3e5 f8e7 e2d4 f5h4 e1g1 h4g6 e5g3 f6d5,e4d5 e5e4 f3g3 e7f5 g3e5 f8e7 e2d4 f5h4 e1g1 h4g6 e5g3 f6d5
fen_0012,fen_suite,training/data/test_fens_60.txt,r1bqkb1r/ppp1nppp/5n2/3pp3/2B1P3/2P2Q2/PP1PNPPP/RNB1K2R w KQkq - 0 1,no_futility,e4d5,timed,3.4108777410001494,5,-80,59392,17412.526777516472,337,166,78,1284,16,0,0,0,0,33296,e4d5,-138,-138,-138,-138,0.0,0.0,0.1025,0.1025,0.0,0.0,False,False,False,e4d5 e5e4 f3g3 e7f5 g3e5 f8e7 e2d4 f5h4 e1g1 h4g6 e5g3 f6d5,e4d5 e5e4 f3g3 e7f5 g3e5 f8e7 e2d4 f5h4 e1g1 h4g6 e5g3 f6d5
fen_0012,fen_suite,training/data/test_fens_60.txt,r1bqkb1r/ppp1nppp/5n2/3pp3/2B1P3/2P2Q2/PP1PNPPP/RNB1K2R w KQkq - 0 1,no_selectivity,e4d5,timed,3.4088902620133013,5,-80,63744,18699.340577291743,569,0,0,0,0,0,0,0,0,33362,e4d5,-138,-138,-138,-138,0.0,0.0,0.1025,0.1025,0.0,0.0,False,False,False,e4d5 e5e4 f3g3 e7f5 g3e5 f8e7 e2d4 f5h4 e1g1 h4g6 e5g3 f6d5,e4d5 e5e4 f3g3 e7f5 g3e5 f8e7 e2d4 f5h4 e1g1 h4g6 e5g3 f6d5
fen_0012,fen_suite,training/data/test_fens_60.txt,r1bqkb1r/ppp1nppp/5n2/3pp3/2B1P3/2P2Q2/PP1PNPPP/RNB1K2R w KQkq - 0 1,conservative,e4d5,timed,3.41403188201366,5,-80,57856,16946.53184254256,450,39,15,230,1,5774,0,0,13125,30820,e4d5,-138,-138,-138,-138,0.0,0.0,0.1025,0.1025,0.0,0.0,False,False,False,e4d5 e5e4 f3g3 e7f5 g3e5 f8e7 e2d4 f5h4 e1g1 h4g6 e5g3 f6d5,e4d5 e5e4 f3g3 e7f5 g3e5 f8e7 e2d4 f5h4 e1g1 h4g6 e5g3 f6d5
fen_0013,fen_suite,training/data/test_fens_60.txt,r1bqkbnr/ppp1pppp/2np4/8/8/1PN2N2/P1PPPPPP/R1BQKB1R b KQkq - 0 1,baseline,d6d5,timed,3.414007004001178,5,-10,55808,16346.773727937187,382,159,34,1256,30,580,0,0,0,28742,d6d5,-13,-13,-13,-13,0.0,0.0,0.4875,0.4875,0.0,0.0,False,False,False,d6d5 d2d4 c8g4 c1b2 e7e6 f3e5 c6e5 d4e5 c7c6 d1d4 g4h5 e2e4,d6d5 d2d4 c8g4 c1b2 e7e6 f3e5 c6e5 d4e5 c7c6 d1d4 g4h5 e2e4
fen_0013,fen_suite,training/data/test_fens_60.txt,r1bqkbnr/ppp1pppp/2np4/8/8/1PN2N2/P1PPPPPP/R1BQKB1R b KQkq - 0 1,no_null,d6d5,timed,3.4032116839953233,5,-10,55808,16398.627291524277,434,0,0,1391,30,829,0,0,0,28714,d6d5,-13,-13,-13,-13,0.0,0.0,0.4875,0.4875,0.0,0.0,False,False,False,d6d5 d2d4 c8g4 c1b2 e7e6 f3e5 c6e5 d4e5 c7c6 d1d4 g4h5 e2e4,d6d5 d2d4 c8g4 c1b2 e7e6 f3e5 c6e5 d4e5 c7c6 d1d4 g4h5 e2e4
fen_0013,fen_suite,training/data/test_fens_60.txt,r1bqkbnr/ppp1pppp/2np4/8/8/1PN2N2/P1PPPPPP/R1BQKB1R b KQkq - 0 1,null_safe,d6d5,timed,3.4047152790008113,5,-10,53760,15789.866580496286,386,39,9,1208,30,536,0,0,0,27745,d6d5,-13,-13,-13,-13,0.0,0.0,0.4875,0.4875,0.0,0.0,False,False,False,d6d5 d2d4 c8g4 c1b2 e7e6 f3e5 c6e5 d4e5 c7c6 d1d4 g4h5 e2e4,d6d5 d2d4 c8g4 c1b2 e7e6 f3e5 c6e5 d4e5 c7c6 d1d4 g4h5 e2e4
fen_0013,fen_suite,training/data/test_fens_60.txt,r1bqkbnr/ppp1pppp/2np4/8/8/1PN2N2/P1PPPPPP/R1BQKB1R b KQkq - 0 1,null_no_endgame,d6d5,timed,3.400833835010417,5,-10,55552,16334.817487438295,379,156,33,1256,30,580,0,0,0,28613,d6d5,-13,-13,-13,-13,0.0,0.0,0.4875,0.4875,0.0,0.0,False,False,False,d6d5 d2d4 c8g4 c1b2 e7e6 f3e5 c6e5 d4e5 c7c6 d1d4 g4h5 e2e4,d6d5 d2d4 c8g4 c1b2 e7e6 f3e5 c6e5 d4e5 c7c6 d1d4 g4h5 e2e4
fen_0013,fen_suite,training/data/test_fens_60.txt,r1bqkbnr/ppp1pppp/2np4/8/8/1PN2N2/P1PPPPPP/R1BQKB1R b KQkq - 0 1,no_lmr,d6d5,timed,3.4097123730171006,5,-10,59648,17493.55765959232,217,170,60,0,0,903,0,0,0,30528,d6d5,-13,-13,-13,-13,0.0,0.0,0.4875,0.4875,0.0,0.0,False,False,False,d6d5 d2d4 c8g4 c1b2 e7e6 f3e5 c6e5 d4e5 c7c6 d1d4 g4h5 e2e4,d6d5 d2d4 c8g4 c1b2 e7e6 f3e5 c6e5 d4e5 c7c6 d1d4 g4h5 e2e4
fen_0013,fen_suite,training/data/test_fens_60.txt,r1bqkbnr/ppp1pppp/2np4/8/8/1PN2N2/P1PPPPPP/R1BQKB1R b KQkq - 0 1,lmr_safe,d6d5,timed,3.409712483000476,5,-10,62976,18469.592469738807,325,91,15,162,1,1113,0,0,0,31685,d6d5,-13,-13,-13,-13,0.0,0.0,0.4875,0.4875,0.0,0.0,False,False,False,d6d5 d2d4 c8g4 c1b2 e7e6 f3e5 c6e5 d4e5 c7c6 d1d4 g4h5 e2e4,d6d5 d2d4 c8g4 c1b2 e7e6 f3e5 c6e5 d4e5 c7c6 d1d4 g4h5 e2e4
fen_0013,fen_suite,training/data/test_fens_60.txt,r1bqkbnr/ppp1pppp/2np4/8/8/1PN2N2/P1PPPPPP/R1BQKB1R b KQkq - 0 1,no_futility,d6d5,timed,3.4168880310025997,5,-10,57856,16932.36637403761,384,160,34,1260,31,0,0,0,0,29817,d6d5,-13,-13,-13,-13,0.0,0.0,0.4875,0.4875,0.0,0.0,False,False,False,d6d5 d2d4 c8g4 c1b2 e7e6 f3e5 c6e5 d4e5 c7c6 d1d4 g4h5 e2e4,d6d5 d2d4 c8g4 c1b2 e7e6 f3e5 c6e5 d4e5 c7c6 d1d4 g4h5 e2e4
fen_0013,fen_suite,training/data/test_fens_60.txt,r1bqkbnr/ppp1pppp/2np4/8/8/1PN2N2/P1PPPPPP/R1BQKB1R b KQkq - 0 1,no_selectivity,d6d5,timed,3.4155120800132863,5,-10,63232,18513.182948471385,420,0,0,0,0,0,0,0,0,31924,d6d5,-13,-13,-13,-13,0.0,0.0,0.4875,0.4875,0.0,0.0,False,False,False,d6d5 d2d4 c8g4 c1b2 e7e6 f3e5 c6e5 d4e5 c7c6 d1d4 g4h5 e2e4,d6d5 d2d4 c8g4 c1b2 e7e6 f3e5 c6e5 d4e5 c7c6 d1d4 g4h5 e2e4
fen_0013,fen_suite,training/data/test_fens_60.txt,r1bqkbnr/ppp1pppp/2np4/8/8/1PN2N2/P1PPPPPP/R1BQKB1R b KQkq - 0 1,conservative,d6d5,timed,3.402985564986011,5,-10,63232,18581.33065582367,336,24,5,162,1,242,0,0,5964,31266,d6d5,-13,-13,-13,-13,0.0,0.0,0.4875,0.4875,0.0,0.0,False,False,False,d6d5 d2d4 c8g4 c1b2 e7e6 f3e5 c6e5 d4e5 c7c6 d1d4 g4h5 e2e4,d6d5 d2d4 c8g4 c1b2 e7e6 f3e5 c6e5 d4e5 c7c6 d1d4 g4h5 e2e4
fen_0014,fen_suite,training/data/test_fens_60.txt,r4rk1/1bp1q1pp/1p2p3/p2pPp2/P3nP2/1P1BP2R/1BP1Q1PP/R5K1 b - - 0 1,baseline,h7h6,timed,3.40046052398975,5,-49,54528,16035.475082069903,798,86,21,1608,19,2045,0,0,0,31387,g7g6,+5,-34,5,-34,39.0,39.0,0.502,0.4795,0.02250000000000002,0.02250000000000002,False,False,False,g7g6 g2g4 a8d8 a1f1 d8d7 f1d1 f8f7 g4f5 f7f5 e2g4 e7e8,h7h6 g2g4 e7f7 e2g2 f5g4 g2g4 f7f5 g4f5 f8f5 g1f1 b7a6 f1e2
fen_0014,fen_suite,training/data/test_fens_60.txt,r4rk1/1bp1q1pp/1p2p3/p2pPp2/P3nP2/1P1BP2R/1BP1Q1PP/R5K1 b - - 0 1,no_null,h7h6,timed,3.4004919240251184,5,-49,56064,16487.026363420315,1003,0,0,2062,19,2225,0,0,0,31813,g7g6,+5,-34,5,-34,39.0,39.0,0.502,0.4795,0.02250000000000002,0.02250000000000002,False,False,False,g7g6 g2g4 a8d8 a1f1 d8d7 f1d1 f8f7 g4f5 f7f5 e2g4 e7e8,h7h6 g2g4 e7f7 e2g2 f5g4 g2g4 f7f5 g4f5 f8f5 g1f1 b7a6 f1e2
fen_0014,fen_suite,training/data/test_fens_60.txt,r4rk1/1bp1q1pp/1p2p3/p2pPp2/P3nP2/1P1BP2R/1BP1Q1PP/R5K1 b - - 0 1,null_safe,h7h6,timed,3.4070191670034546,5,-49,55552,16305.16215993559,803,33,15,1606,19,2045,0,0,0,32047,g7g6,+5,-34,5,-34,39.0,39.0,0.502,0.4795,0.02250000000000002,0.02250000000000002,False,False,False,g7g6 g2g4 a8d8 a1f1 d8d7 f1d1 f8f7 g4f5 f7f5 e2g4 e7e8,h7h6 g2g4 e7f7 e2g2 f5g4 g2g4 f7f5 g4f5 f8f5 g1f1 b7a6 f1e2
fen_0014,fen_suite,training/data/test_fens_60.txt,r4rk1/1bp1q1pp/1p2p3/p2pPp2/P3nP2/1P1BP2R/1BP1Q1PP/R5K1 b - - 0 1,null_no_endgame,h7h6,timed,3.406545970006846,5,-49,56320,16532.875380480134,856,86,21,1674,21,2072,0,0,0,32564,g7g6,+5,-34,5,-34,39.0,39.0,0.502,0.4795,0.02250000000000002,0.02250000000000002,False,False,False,g7g6 g2g4 a8d8 a1f1 d8d7 f1d1 f8f7 g4f5 f7f5 e2g4 e7e8,h7h6 g2g4 e7f7 e2g2 f5g4 g2g4 f7f5 g4f5 f8f5 g1f1 b7a6 f1e2
fen_0014,fen_suite,training/data/test_fens_60.txt,r4rk1/1bp1q1pp/1p2p3/p2pPp2/P3nP2/1P1BP2R/1BP1Q1PP/R5K1 b - - 0 1,no_lmr,e7e8,timed,3.4037922599818558,4,-42,59904,17599.193906246008,421,92,21,0,0,8220,0,0,0,32847,g7g6,+5,+4,5,4,1.0,1.0,0.502,0.502,0.0,0.0,False,False,False,g7g6 g2g4 a8d8 a1f1 d8d7 f1d1 f8f7 g4f5 f7f5 e2g4 e7e8,e7e8 a1f1 a8d8 g2g4 e8g6 d3e4 d5e4 h3g3 f5g4 h2h3 h7h5 h3g4
fen_0014,fen_suite,training/data/test_fens_60.txt,r4rk1/1bp1q1pp/1p2p3/p2pPp2/P3nP2/1P1BP2R/1BP1Q1PP/R5K1 b - - 0 1,lmr_safe,e7e8,timed,3.4046273170097265,4,-42,60160,17670.06911430128,337,66,16,58,0,8508,0,0,0,32193,g7g6,+5,+4,5,4,1.0,1.0,0.502,0.502,0.0,0.0,False,False,False,g7g6 g2g4 a8d8 a1f1 d8d7 f1d1 f8f7 g4f5 f7f5 e2g4 e7e8,e7e8 a1f1 a8d8 g2g4 e8g6 d3e4 d5e4 h3g3 f5g4 h2h3 h7h5 h3g4
fen_0014,fen_suite,training/data/test_fens_60.txt,r4rk1/1bp1q1pp/1p2p3/p2pPp2/P3nP2/1P1BP2R/1BP1Q1PP/R5K1 b - - 0 1,no_futility,h7h6,timed,3.407449655001983,5,-49,59904,17580.303765328892,829,86,21,1641,21,0,0,0,0,34236,g7g6,+5,-34,5,-34,39.0,39.0,0.502,0.4795,0.02250000000000002,0.02250000000000002,False,False,False,g7g6 g2g4 a8d8 a1f1 d8d7 f1d1 f8f7 g4f5 f7f5 e2g4 e7e8,h7h6 g2g4 e7f7 e2g2 f5g4 g2g4 f7f5 g4f5 f8f5 g1f1 b7a6 f1e2
fen_0014,fen_suite,training/data/test_fens_60.txt,r4rk1/1bp1q1pp/1p2p3/p2pPp2/P3nP2/1P1BP2R/1BP1Q1PP/R5K1 b - - 0 1,no_selectivity,e7e8,timed,3.4036598120001145,4,-42,62208,18276.797164239604,458,0,0,0,0,0,0,0,0,33965,g7g6,+5,+4,5,4,1.0,1.0,0.502,0.502,0.0,0.0,False,False,False,g7g6 g2g4 a8d8 a1f1 d8d7 f1d1 f8f7 g4f5 f7f5 e2g4 e7e8,e7e8 a1f1 a8d8 g2g4 e8g6 d3e4 d5e4 h3g3 f5g4 h2h3 h7h5 h3g4
fen_0014,fen_suite,training/data/test_fens_60.txt,r4rk1/1bp1q1pp/1p2p3/p2pPp2/P3nP2/1P1BP2R/1BP1Q1PP/R5K1 b - - 0 1,conservative,e7e8,timed,3.4209052020160016,4,-42,64256,18783.3325407944,352,26,14,32,0,4182,0,0,11038,33058,g7g6,+5,+4,5,4,1.0,1.0,0.502,0.502,0.0,0.0,False,False,False,g7g6 g2g4 a8d8 a1f1 d8d7 f1d1 f8f7 g4f5 f7f5 e2g4 e7e8,e7e8 a1f1 a8d8 g2g4 e8g6 d3e4 d5e4 h3g3 f5g4 h2h3 h7h5 h3g4
fen_0015,fen_suite,training/data/test_fens_60.txt,2r2rk1/1p1nbppp/2q1p3/1pNpP3/PP1P4/4PN2/6PP/R1R2QK1 b - - 0 1,baseline,b5a4,timed,3.404569393984275,5,-36,50432,14813.033357202568,1131,203,72,1585,1,13180,0,0,0,31185,b5a4,-96,-96,-96,-96,0.0,0.0,0.277,0.277,0.0,0.0,False,False,False,b5a4 c5a4 c6a6 f1a6 b7a6 a4c5 d7b8 f3e1 c8c6 e1d3 h7h5 g2g3,b5a4 c5a4 c6a6 f1a6 b7a6 a4c5 d7b8 f3e1 c8c6 e1d3 h7h5 g2g3
fen_0015,fen_suite,training/data/test_fens_60.txt,2r2rk1/1p1nbppp/2q1p3/1pNpP3/PP1P4/4PN2/6PP/R1R2QK1 b - - 0 1,no_null,b5a4,timed,3.4062363340053707,5,-36,49920,14655.471642303633,1497,0,0,1643,1,12782,0,0,0,30711,b5a4,-96,-96,-96,-96,0.0,0.0,0.277,0.277,0.0,0.0,False,False,False,b5a4 c5a4 c6a6 f1a6 b7a6 a4c5 d7b8 f3e1 c8c6 e1d3 h7h5 g2g3,b5a4 c5a4 c6a6 f1a6 b7a6 a4c5 d7b8 f3e1 c8c6 e1d3 h7h5 g2g3
fen_0015,fen_suite,training/data/test_fens_60.txt,2r2rk1/1p1nbppp/2q1p3/1pNpP3/PP1P4/4PN2/6PP/R1R2QK1 b - - 0 1,null_safe,b5a4,timed,3.4140487729746383,5,-36,48384,14172.02952195769,1269,50,13,1328,1,10330,0,0,0,30145,b5a4,-96,-96,-96,-96,0.0,0.0,0.277,0.277,0.0,0.0,False,False,False,b5a4 c5a4 c6a6 f1a6 b7a6 a4c5 d7b8 f3e1 c8c6 e1d3 h7h5 g2g3,b5a4 c5a4 c6a6 f1a6 b7a6 a4c5 d7b8 f3e1 c8c6 e1d3 h7h5 g2g3
fen_0015,fen_suite,training/data/test_fens_60.txt,2r2rk1/1p1nbppp/2q1p3/1pNpP3/PP1P4/4PN2/6PP/R1R2QK1 b - - 0 1,null_no_endgame,b5a4,timed,3.4189569159934763,5,-36,46592,13627.548151323033,1104,190,72,1495,1,12668,0,0,0,28606,b5a4,-96,-96,-96,-96,0.0,0.0,0.277,0.277,0.0,0.0,False,False,False,b5a4 c5a4 c6a6 f1a6 b7a6 a4c5 d7b8 f3e1 c8c6 e1d3 h7h5 g2g3,b5a4 c5a4 c6a6 f1a6 b7a6 a4c5 d7b8 f3e1 c8c6 e1d3 h7h5 g2g3
fen_0015,fen_suite,training/data/test_fens_60.txt,2r2rk1/1p1nbppp/2q1p3/1pNpP3/PP1P4/4PN2/6PP/R1R2QK1 b - - 0 1,no_lmr,b5a4,timed,3.402127630019095,5,-36,53760,15801.876309883844,498,187,80,0,0,19200,0,0,0,31961,b5a4,-96,-96,-96,-96,0.0,0.0,0.277,0.277,0.0,0.0,False,False,False,b5a4 c5a4 c6a6 f1a6 b7a6 a4c5 d7b8 f3e1 c8c6 e1d3 h7h5 g2g3,b5a4 c5a4 c6a6 f1a6 b7a6 a4c5 d7b8 f3e1 c8c6 e1d3 h7h5 g2g3
fen_0015,fen_suite,training/data/test_fens_60.txt,2r2rk1/1p1nbppp/2q1p3/1pNpP3/PP1P4/4PN2/6PP/R1R2QK1 b - - 0 1,lmr_safe,b5a4,timed,3.414074873988284,5,-36,51712,15146.709404059035,826,192,72,624,0,18375,0,0,0,31159,b5a4,-96,-96,-96,-96,0.0,0.0,0.277,0.277,0.0,0.0,False,False,False,b5a4 c5a4 c6a6 f1a6 b7a6 a4c5 d7b8 f3e1 c8c6 e1d3 h7h5 g2g3,b5a4 c5a4 c6a6 f1a6 b7a6 a4c5 d7b8 f3e1 c8c6 e1d3 h7h5 g2g3
fen_0015,fen_suite,training/data/test_fens_60.txt,2r2rk1/1p1nbppp/2q1p3/1pNpP3/PP1P4/4PN2/6PP/R1R2QK1 b - - 0 1,no_futility,b5a4,timed,3.4069911419937853,5,-36,62413,18319.096645339574,1039,166,64,1354,1,0,0,0,0,35938,b5a4,-96,-96,-96,-96,0.0,0.0,0.277,0.277,0.0,0.0,False,False,False,b5a4 c5a4 c6a6 f1a6 b7a6 a4c5 d7b8 f3e1 c8c6 e1d3 h7h5 g2g3,b5a4 c5a4 c6a6 f1a6 b7a6 a4c5 d7b8 f3e1 c8c6 e1d3 h7h5 g2g3
fen_0015,fen_suite,training/data/test_fens_60.txt,2r2rk1/1p1nbppp/2q1p3/1pNpP3/PP1P4/4PN2/6PP/R1R2QK1 b - - 0 1,no_selectivity,b5a4,timed,3.4007436110114213,4,-36,65792,19346.357010557665,337,0,0,0,0,0,0,0,0,36565,b5a4,-96,-96,-96,-96,0.0,0.0,0.277,0.277,0.0,0.0,False,False,False,b5a4 c5a4 c6a6 f1a6 b7a6 a4c5 d7b8 f3e1 c8c6 e1d3 h7h5 g2g3,b5a4 c5a4 c6a6 f1a6 b7a6 a4c5 d7b8 f3e1 c8c6 e1d3 h7h5 g2g3
fen_0015,fen_suite,training/data/test_fens_60.txt,2r2rk1/1p1nbppp/2q1p3/1pNpP3/PP1P4/4PN2/6PP/R1R2QK1 b - - 0 1,conservative,b5a4,timed,3.4089375190087594,5,-36,60928,17873.0175194635,533,36,9,200,0,8287,0,0,18245,34720,b5a4,-96,-96,-96,-96,0.0,0.0,0.277,0.277,0.0,0.0,False,False,False,b5a4 c5a4 c6a6 f1a6 b7a6 a4c5 d7b8 f3e1 c8c6 e1d3 h7h5 g2g3,b5a4 c5a4 c6a6 f1a6 b7a6 a4c5 d7b8 f3e1 c8c6 e1d3 h7h5 g2g3
fen_0016,fen_suite,training/data/test_fens_60.txt,r2q1r2/p1pnbk2/2p1b3/3pPp2/5Bp1/2NB2Q1/PPP2PP1/R3R1K1 w - - 0 1,baseline,d3f5,timed,3.400710710004205,5,137,51712,15206.233169988182,1730,130,23,3359,4,11844,0,2,0,32745,f4h6,+21,0,21,0,21.0,21.0,0.5115,0.5,0.011499999999999955,0.011499999999999955,False,False,False,f4h6 f8h8 g3f4 h8h6 f4h6 d8h8 h6h8 a8h8 a1d1 e7g5 c3e2 d7e5,d3f5 e6f5 e5e6 f5e6 e1e6 f7e6 g3g4 e6f7 g4h5 f7g8 h5g6 g8h8
fen_0016,fen_suite,training/data/test_fens_60.txt,r2q1r2/p1pnbk2/2p1b3/3pPp2/5Bp1/2NB2Q1/PPP2PP1/R3R1K1 w - - 0 1,no_null,d3f5,timed,3.4030322289909236,5,137,52480,15421.54069330149,1918,0,0,3491,5,14026,0,2,0,33167,f4h6,+21,0,21,0,21.0,21.0,0.5115,0.5,0.011499999999999955,0.011499999999999955,False,False,False,f4h6 f8h8 g3f4 h8h6 f4h6 d8h8 h6h8 a8h8 a1d1 e7g5 c3e2 d7e5,d3f5 e6f5 e5e6 f5e6 e1e6 f7e6 g3g4 e6f7 g4h5 f7g8 h5g6 g8h8
fen_0016,fen_suite,training/data/test_fens_60.txt,r2q1r2/p1pnbk2/2p1b3/3pPp2/5Bp1/2NB2Q1/PPP2PP1/R3R1K1 w - - 0 1,null_safe,d3f5,timed,3.41981631598901,5,137,52480,15345.853446758236,1892,51,4,3367,6,10951,0,2,0,33514,f4h6,+21,0,21,0,21.0,21.0,0.5115,0.5,0.011499999999999955,0.011499999999999955,False,False,False,f4h6 f8h8 g3f4 h8h6 f4h6 d8h8 h6h8 a8h8 a1d1 e7g5 c3e2 d7e5,d3f5 e6f5 e5e6 f5e6 e1e6 f7e6 g3g4 e6f7 g4h5 f7g8 h5g6 g8h8
fen_0016,fen_suite,training/data/test_fens_60.txt,r2q1r2/p1pnbk2/2p1b3/3pPp2/5Bp1/2NB2Q1/PPP2PP1/R3R1K1 w - - 0 1,null_no_endgame,d3f5,timed,3.4040210219973233,5,137,51968,15266.650724003921,1730,132,25,3366,4,12035,0,2,0,32907,f4h6,+21,0,21,0,21.0,21.0,0.5115,0.5,0.011499999999999955,0.011499999999999955,False,False,False,f4h6 f8h8 g3f4 h8h6 f4h6 d8h8 h6h8 a8h8 a1d1 e7g5 c3e2 d7e5,d3f5 e6f5 e5e6 f5e6 e1e6 f7e6 g3g4 e6f7 g4h5 f7g8 h5g6 g8h8
fen_0016,fen_suite,training/data/test_fens_60.txt,r2q1r2/p1pnbk2/2p1b3/3pPp2/5Bp1/2NB2Q1/PPP2PP1/R3R1K1 w - - 0 1,no_lmr,d3f5,timed,3.4201395970012527,5,137,56064,16392.313357371848,852,166,63,0,0,32020,0,0,0,31657,f4h6,+21,0,21,0,21.0,21.0,0.5115,0.5,0.011499999999999955,0.011499999999999955,False,False,False,f4h6 f8h8 g3f4 h8h6 f4h6 d8h8 h6h8 a8h8 a1d1 e7g5 c3e2 d7e5,d3f5 e6f5 e5e6 f5e6 e1e6 f7e6 g3g4 e6f7 g4h5 f7g8 h5g6 g8h8
fen_0016,fen_suite,training/data/test_fens_60.txt,r2q1r2/p1pnbk2/2p1b3/3pPp2/5Bp1/2NB2Q1/PPP2PP1/R3R1K1 w - - 0 1,lmr_safe,d3f5,timed,3.413099441997474,5,137,55296,16201.11014627769,1018,95,15,199,1,30210,0,0,0,31248,f4h6,+21,0,21,0,21.0,21.0,0.5115,0.5,0.011499999999999955,0.011499999999999955,False,False,False,f4h6 f8h8 g3f4 h8h6 f4h6 d8h8 h6h8 a8h8 a1d1 e7g5 c3e2 d7e5,d3f5 e6f5 e5e6 f5e6 e1e6 f7e6 g3g4 e6f7 g4h5 f7g8 h5g6 g8h8
fen_0016,fen_suite,training/data/test_fens_60.txt,r2q1r2/p1pnbk2/2p1b3/3pPp2/5Bp1/2NB2Q1/PPP2PP1/R3R1K1 w - - 0 1,no_futility,d3f5,timed,3.414882259006845,5,137,64768,18966.39330072732,1712,122,22,3194,4,0,0,2,0,38980,f4h6,+21,0,21,0,21.0,21.0,0.5115,0.5,0.011499999999999955,0.011499999999999955,False,False,False,f4h6 f8h8 g3f4 h8h6 f4h6 d8h8 h6h8 a8h8 a1d1 e7g5 c3e2 d7e5,d3f5 e6f5 e5e6 f5e6 e1e6 f7e6 g3g4 e6f7 g4h5 f7g8 h5g6 g8h8
fen_0016,fen_suite,training/data/test_fens_60.txt,r2q1r2/p1pnbk2/2p1b3/3pPp2/5Bp1/2NB2Q1/PPP2PP1/R3R1K1 w - - 0 1,no_selectivity,d3f5,timed,3.4098382800002582,4,145,70912,20796.29418671276,469,0,0,0,0,0,0,0,0,37970,f4h6,+21,0,21,0,21.0,21.0,0.5115,0.5,0.011499999999999955,0.011499999999999955,False,False,False,f4h6 f8h8 g3f4 h8h6 f4h6 d8h8 h6h8 a8h8 a1d1 e7g5 c3e2 d7e5,d3f5 e6f5 e5e6 f5e6 e1e6 f7e6 g3g4 e6f7 g4h5 f7g8 h5g6 g8h8
fen_0016,fen_suite,training/data/test_fens_60.txt,r2q1r2/p1pnbk2/2p1b3/3pPp2/5Bp1/2NB2Q1/PPP2PP1/R3R1K1 w - - 0 1,conservative,d3f5,timed,3.4108918420097325,4,145,69376,20339.548485689582,568,15,0,38,1,9153,0,0,13850,36766,f4h6,+21,0,21,0,21.0,21.0,0.5115,0.5,0.011499999999999955,0.011499999999999955,False,False,False,f4h6 f8h8 g3f4 h8h6 f4h6 d8h8 h6h8 a8h8 a1d1 e7g5 c3e2 d7e5,d3f5 e6f5 e5e6 f5e6 e1e6 f7e6 g3g4 e6f7 g4h5 f7g8 h5g6 g8h8
fen_0017,fen_suite,training/data/test_fens_60.txt,2r2rk1/pp3ppp/2n5/3pPb2/1q6/1PnBP3/P1QN1PPP/R3K2R w KQ - 0 1,baseline,d3f5,timed,3.4025204429926816,6,-87,54016,15875.290363425505,1135,240,165,924,5,4933,0,1,0,33250,d3f5,-160,-160,-160,-160,0.0,0.0,0.028,0.028,0.0,0.0,False,False,False,d3f5 c6e5 f5c8 f8c8 c2f5 c8e8 f5c2 d5d4 e1g1 d4d3 c2b2 c3e2,d3f5 c6e5 f5c8 f8c8 c2f5 c8e8 f5c2 d5d4 e1g1 d4d3 c2b2 c3e2
fen_0017,fen_suite,training/data/test_fens_60.txt,2r2rk1/pp3ppp/2n5/3pPb2/1q6/1PnBP3/P1QN1PPP/R3K2R w KQ - 0 1,no_null,d3f5,timed,3.4036256030085497,5,-35,48128,14140.21564459336,1794,0,0,2029,0,13717,0,1,0,27320,d3f5,-160,-160,-160,-160,0.0,0.0,0.028,0.028,0.0,0.0,False,False,False,d3f5 c6e5 f5c8 f8c8 c2f5 c8e8 f5c2 d5d4 e1g1 d4d3 c2b2 c3e2,d3f5 c6e5 f5c8 f8c8 c2f5 c8e8 f5c2 d5d4 e1g1 d4d3 c2b2 c3e2
fen_0017,fen_suite,training/data/test_fens_60.txt,2r2rk1/pp3ppp/2n5/3pPb2/1q6/1PnBP3/P1QN1PPP/R3K2R w KQ - 0 1,null_safe,d3f5,timed,3.4018702050088905,6,-87,50432,14824.786649926933,1185,106,89,686,3,4935,0,1,0,31062,d3f5,-160,-160,-160,-160,0.0,0.0,0.028,0.028,0.0,0.0,False,False,False,d3f5 c6e5 f5c8 f8c8 c2f5 c8e8 f5c2 d5d4 e1g1 d4d3 c2b2 c3e2,d3f5 c6e5 f5c8 f8c8 c2f5 c8e8 f5c2 d5d4 e1g1 d4d3 c2b2 c3e2
fen_0017,fen_suite,training/data/test_fens_60.txt,2r2rk1/pp3ppp/2n5/3pPb2/1q6/1PnBP3/P1QN1PPP/R3K2R w KQ - 0 1,null_no_endgame,d3f5,timed,3.4046313950093463,6,-87,55040,16166.214081406868,1135,240,165,937,5,4933,0,1,0,33809,d3f5,-160,-160,-160,-160,0.0,0.0,0.028,0.028,0.0,0.0,False,False,False,d3f5 c6e5 f5c8 f8c8 c2f5 c8e8 f5c2 d5d4 e1g1 d4d3 c2b2 c3e2,d3f5 c6e5 f5c8 f8c8 c2f5 c8e8 f5c2 d5d4 e1g1 d4d3 c2b2 c3e2
fen_0017,fen_suite,training/data/test_fens_60.txt,2r2rk1/pp3ppp/2n5/3pPb2/1q6/1PnBP3/P1QN1PPP/R3K2R w KQ - 0 1,no_lmr,d3f5,timed,3.4036737959831953,5,-76,59904,17599.80644170278,371,192,130,0,0,19885,0,0,0,34445,d3f5,-160,-160,-160,-160,0.0,0.0,0.028,0.028,0.0,0.0,False,False,False,d3f5 c6e5 f5c8 f8c8 c2f5 c8e8 f5c2 d5d4 e1g1 d4d3 c2b2 c3e2,d3f5 c6e5 f5c8 f8c8 c2f5 c8e8 f5c2 d5d4 e1g1 d4d3 c2b2 c3e2
fen_0017,fen_suite,training/data/test_fens_60.txt,2r2rk1/pp3ppp/2n5/3pPb2/1q6/1PnBP3/P1QN1PPP/R3K2R w KQ - 0 1,lmr_safe,d3f5,timed,3.4077946510224137,6,-87,55040,16151.20793252222,997,260,183,461,0,9723,0,1,0,33359,d3f5,-160,-160,-160,-160,0.0,0.0,0.028,0.028,0.0,0.0,False,False,False,d3f5 c6e5 f5c8 f8c8 c2f5 c8e8 f5c2 d5d4 e1g1 d4d3 c2b2 c3e2,d3f5 c6e5 f5c8 f8c8 c2f5 c8e8 f5c2 d5d4 e1g1 d4d3 c2b2 c3e2
fen_0017,fen_suite,training/data/test_fens_60.txt,2r2rk1/pp3ppp/2n5/3pPb2/1q6/1PnBP3/P1QN1PPP/R3K2R w KQ - 0 1,no_futility,d3f5,timed,3.40543801500462,6,-87,59904,17590.688697330093,1019,239,165,796,4,0,0,1,0,35918,d3f5,-160,-160,-160,-160,0.0,0.0,0.028,0.028,0.0,0.0,False,False,False,d3f5 c6e5 f5c8 f8c8 c2f5 c8e8 f5c2 d5d4 e1g1 d4d3 c2b2 c3e2,d3f5 c6e5 f5c8 f8c8 c2f5 c8e8 f5c2 d5d4 e1g1 d4d3 c2b2 c3e2
fen_0017,fen_suite,training/data/test_fens_60.txt,2r2rk1/pp3ppp/2n5/3pPb2/1q6/1PnBP3/P1QN1PPP/R3K2R w KQ - 0 1,no_selectivity,d3f5,timed,3.403009330999339,5,-76,66560,19559.158828534204,539,0,0,0,0,0,0,0,0,36139,d3f5,-160,-160,-160,-160,0.0,0.0,0.028,0.028,0.0,0.0,False,False,False,d3f5 c6e5 f5c8 f8c8 c2f5 c8e8 f5c2 d5d4 e1g1 d4d3 c2b2 c3e2,d3f5 c6e5 f5c8 f8c8 c2f5 c8e8 f5c2 d5d4 e1g1 d4d3 c2b2 c3e2
fen_0017,fen_suite,training/data/test_fens_60.txt,2r2rk1/pp3ppp/2n5/3pPb2/1q6/1PnBP3/P1QN1PPP/R3K2R w KQ - 0 1,conservative,d3f5,timed,3.4041244910040405,5,-35,58488,17181.51029862867,755,76,64,274,0,2900,0,1,29378,33817,d3f5,-160,-160,-160,-160,0.0,0.0,0.028,0.028,0.0,0.0,False,False,False,d3f5 c6e5 f5c8 f8c8 c2f5 c8e8 f5c2 d5d4 e1g1 d4d3 c2b2 c3e2,d3f5 c6e5 f5c8 f8c8 c2f5 c8e8 f5c2 d5d4 e1g1 d4d3 c2b2 c3e2
fen_0018,fen_suite,training/data/test_fens_60.txt,r1bqk2r/pp3ppp/2nbpn2/8/4P3/1N4P1/PP3PBP/RNBQ1RK1 w kq - 0 1,baseline,c1g5,timed,3.4078145049861632,5,58,56576,16601.84259360963,655,116,39,1556,9,3057,0,0,0,30890,b1c3,+67,+26,67,26,41.0,41.0,0.605,0.5225,0.08250000000000002,0.08250000000000002,False,False,False,b1c3 e6e5 d1e2 c8g4 g2f3 g4e6 c3d5 e8g8 c1g5 e6d5 e4d5 c6e7,c1g5 e6e5 b1c3 h7h6 g5e3 e8g8 c3b5 d6b4 a2a3 c8e6 a3b4 d8d1
fen_0018,fen_suite,training/data/test_fens_60.txt,r1bqk2r/pp3ppp/2nbpn2/8/4P3/1N4P1/PP3PBP/RNBQ1RK1 w kq - 0 1,no_null,c1g5,timed,3.407593612006167,5,58,55040,16152.160811099791,865,0,0,1571,10,2758,0,0,0,30317,b1c3,+67,+26,67,26,41.0,41.0,0.605,0.5225,0.08250000000000002,0.08250000000000002,False,False,False,b1c3 e6e5 d1e2 c8g4 g2f3 g4e6 c3d5 e8g8 c1g5 e6d5 e4d5 c6e7,c1g5 e6e5 b1c3 h7h6 g5e3 e8g8 c3b5 d6b4 a2a3 c8e6 a3b4 d8d1
fen_0018,fen_suite,training/data/test_fens_60.txt,r1bqk2r/pp3ppp/2nbpn2/8/4P3/1N4P1/PP3PBP/RNBQ1RK1 w kq - 0 1,null_safe,c1g5,timed,3.4150296580046415,5,58,55040,16116.990337401396,773,21,3,1479,9,2708,0,0,0,30409,b1c3,+67,+26,67,26,41.0,41.0,0.605,0.5225,0.08250000000000002,0.08250000000000002,False,False,False,b1c3 e6e5 d1e2 c8g4 g2f3 g4e6 c3d5 e8g8 c1g5 e6d5 e4d5 c6e7,c1g5 e6e5 b1c3 h7h6 g5e3 e8g8 c3b5 d6b4 a2a3 c8e6 a3b4 d8d1
fen_0018,fen_suite,training/data/test_fens_60.txt,r1bqk2r/pp3ppp/2nbpn2/8/4P3/1N4P1/PP3PBP/RNBQ1RK1 w kq - 0 1,null_no_endgame,c1g5,timed,3.4105950169905555,5,58,56320,16513.24760618917,655,116,39,1556,9,3057,0,0,0,30739,b1c3,+67,+26,67,26,41.0,41.0,0.605,0.5225,0.08250000000000002,0.08250000000000002,False,False,False,b1c3 e6e5 d1e2 c8g4 g2f3 g4e6 c3d5 e8g8 c1g5 e6d5 e4d5 c6e7,c1g5 e6e5 b1c3 h7h6 g5e3 e8g8 c3b5 d6b4 a2a3 c8e6 a3b4 d8d1
fen_0018,fen_suite,training/data/test_fens_60.txt,r1bqk2r/pp3ppp/2nbpn2/8/4P3/1N4P1/PP3PBP/RNBQ1RK1 w kq - 0 1,no_lmr,b1c3,timed,3.4084244779951405,4,54,62208,18251.247871741372,252,164,95,0,0,6168,0,0,0,32896,b1c3,+67,+67,67,67,0.0,0.0,0.605,0.605,0.0,0.0,False,False,False,b1c3 e6e5 d1e2 c8g4 g2f3 g4e6 c3d5 e8g8 c1g5 e6d5 e4d5 c6e7,b1c3 e6e5 d1e2 c8g4 g2f3 g4e6 c3d5 e8g8 c1g5 e6d5 e4d5 c6e7
fen_0018,fen_suite,training/data/test_fens_60.txt,r1bqk2r/pp3ppp/2nbpn2/8/4P3/1N4P1/PP3PBP/RNBQ1RK1 w kq - 0 1,lmr_safe,b1c3,timed,3.4073252439848147,4,54,65749,19296.36747066375,310,47,4,118,0,7035,0,0,0,33790,b1c3,+67,+67,67,67,0.0,0.0,0.605,0.605,0.0,0.0,False,False,False,b1c3 e6e5 d1e2 c8g4 g2f3 g4e6 c3d5 e8g8 c1g5 e6d5 e4d5 c6e7,b1c3 e6e5 d1e2 c8g4 g2f3 g4e6 c3d5 e8g8 c1g5 e6d5 e4d5 c6e7
fen_0018,fen_suite,training/data/test_fens_60.txt,r1bqk2r/pp3ppp/2nbpn2/8/4P3/1N4P1/PP3PBP/RNBQ1RK1 w kq - 0 1,no_futility,c1g5,timed,3.4072834879916627,5,58,60416,17731.427459125418,648,110,36,1545,9,0,0,0,0,32627,b1c3,+67,+26,67,26,41.0,41.0,0.605,0.5225,0.08250000000000002,0.08250000000000002,False,False,False,b1c3 e6e5 d1e2 c8g4 g2f3 g4e6 c3d5 e8g8 c1g5 e6d5 e4d5 c6e7,c1g5 e6e5 b1c3 h7h6 g5e3 e8g8 c3b5 d6b4 a2a3 c8e6 a3b4 d8d1
fen_0018,fen_suite,training/data/test_fens_60.txt,r1bqk2r/pp3ppp/2nbpn2/8/4P3/1N4P1/PP3PBP/RNBQ1RK1 w kq - 0 1,no_selectivity,b1c3,timed,3.4012494970229454,4,54,62563,18394.122529017735,256,0,0,0,0,0,0,0,0,33579,b1c3,+67,+67,67,67,0.0,0.0,0.605,0.605,0.0,0.0,False,False,False,b1c3 e6e5 d1e2 c8g4 g2f3 g4e6 c3d5 e8g8 c1g5 e6d5 e4d5 c6e7,b1c3 e6e5 d1e2 c8g4 g2f3 g4e6 c3d5 e8g8 c1g5 e6d5 e4d5 c6e7
fen_0018,fen_suite,training/data/test_fens_60.txt,r1bqk2r/pp3ppp/2nbpn2/8/4P3/1N4P1/PP3PBP/RNBQ1RK1 w kq - 0 1,conservative,b1c3,timed,3.401984671014361,4,54,70656,20769.05301837609,339,14,2,116,0,3683,0,0,8907,35368,b1c3,+67,+67,67,67,0.0,0.0,0.605,0.605,0.0,0.0,False,False,False,b1c3 e6e5 d1e2 c8g4 g2f3 g4e6 c3d5 e8g8 c1g5 e6d5 e4d5 c6e7,b1c3 e6e5 d1e2 c8g4 g2f3 g4e6 c3d5 e8g8 c1g5 e6d5 e4d5 c6e7
fen_0019,fen_suite,training/data/test_fens_60.txt,r1bqr1k1/pp3pp1/2p2n1p/P1bPn3/3N1B2/1BN5/1PP2PPP/R2Q1RK1 b - - 0 1,baseline,c8g4,timed,3.4029638950014487,5,48,53248,15647.535984209238,632,114,61,985,13,1986,0,0,0,35477,c6d5,-8,-44,-8,-44,36.0,36.0,0.494,0.4505,0.04349999999999998,0.04349999999999998,False,False,False,c6d5 a5a6 e5g6 f4g3 b7a6 c3d5 f6d5 d4c6 d8b6 b3d5 c8e6 b2b4,c8g4 f2f3 g4d7 g1h1 f6d5 c3d5 c6d5 b3d5 d8f6 d4b3 d7b5 f4e5
fen_0019,fen_suite,training/data/test_fens_60.txt,r1bqr1k1/pp3pp1/2p2n1p/P1bPn3/3N1B2/1BN5/1PP2PPP/R2Q1RK1 b - - 0 1,no_null,c8g4,timed,3.4090544790087733,5,48,53760,15769.768518228964,1866,0,0,2105,9,6245,0,0,0,34681,c6d5,-8,-44,-8,-44,36.0,36.0,0.494,0.4505,0.04349999999999998,0.04349999999999998,False,False,False,c6d5 a5a6 e5g6 f4g3 b7a6 c3d5 f6d5 d4c6 d8b6 b3d5 c8e6 b2b4,c8g4 f2f3 g4d7 g1h1 f6d5 c3d5 c6d5 b3d5 d8f6 d4b3 d7b5 f4e5
fen_0019,fen_suite,training/data/test_fens_60.txt,r1bqr1k1/pp3pp1/2p2n1p/P1bPn3/3N1B2/1BN5/1PP2PPP/R2Q1RK1 b - - 0 1,null_safe,c8g4,timed,3.4082697970152367,5,48,52480,15397.842050520447,675,46,33,919,9,1785,0,0,0,35318,c6d5,-8,-44,-8,-44,36.0,36.0,0.494,0.4505,0.04349999999999998,0.04349999999999998,False,False,False,c6d5 a5a6 e5g6 f4g3 b7a6 c3d5 f6d5 d4c6 d8b6 b3d5 c8e6 b2b4,c8g4 f2f3 g4d7 g1h1 f6d5 c3d5 c6d5 b3d5 d8f6 d4b3 d7b5 f4e5
fen_0019,fen_suite,training/data/test_fens_60.txt,r1bqr1k1/pp3pp1/2p2n1p/P1bPn3/3N1B2/1BN5/1PP2PPP/R2Q1RK1 b - - 0 1,null_no_endgame,c8g4,timed,3.412295153015293,5,48,53248,15604.7462520782,632,114,61,985,13,1986,0,0,0,35477,c6d5,-8,-44,-8,-44,36.0,36.0,0.494,0.4505,0.04349999999999998,0.04349999999999998,False,False,False,c6d5 a5a6 e5g6 f4g3 b7a6 c3d5 f6d5 d4c6 d8b6 b3d5 c8e6 b2b4,c8g4 f2f3 g4d7 g1h1 f6d5 c3d5 c6d5 b3d5 d8f6 d4b3 d7b5 f4e5
fen_0019,fen_suite,training/data/test_fens_60.txt,r1bqr1k1/pp3pp1/2p2n1p/P1bPn3/3N1B2/1BN5/1PP2PPP/R2Q1RK1 b - - 0 1,no_lmr,c8g4,timed,3.410288326005684,4,48,53441,15670.522516374156,211,106,53,0,0,7885,0,0,0,34662,c6d5,-8,-44,-8,-44,36.0,36.0,0.494,0.4505,0.04349999999999998,0.04349999999999998,False,False,False,c6d5 a5a6 e5g6 f4g3 b7a6 c3d5 f6d5 d4c6 d8b6 b3d5 c8e6 b2b4,c8g4 f2f3 g4d7 g1h1 f6d5 c3d5 c6d5 b3d5 d8f6 d4b3 d7b5 f4e5
fen_0019,fen_suite,training/data/test_fens_60.txt,r1bqr1k1/pp3pp1/2p2n1p/P1bPn3/3N1B2/1BN5/1PP2PPP/R2Q1RK1 b - - 0 1,lmr_safe,c8g4,timed,3.4020947190001607,5,48,60160,17683.223122512114,126,95,61,38,0,14153,0,0,0,35612,c6d5,-8,-44,-8,-44,36.0,36.0,0.494,0.4505,0.04349999999999998,0.04349999999999998,False,False,False,c6d5 a5a6 e5g6 f4g3 b7a6 c3d5 f6d5 d4c6 d8b6 b3d5 c8e6 b2b4,c8g4 f2f3 g4d7 g1h1 f6d5 c3d5 c6d5 b3d5 d8f6 d4b3 d7b5 f4e5
fen_0019,fen_suite,training/data/test_fens_60.txt,r1bqr1k1/pp3pp1/2p2n1p/P1bPn3/3N1B2/1BN5/1PP2PPP/R2Q1RK1 b - - 0 1,no_futility,c8g4,timed,3.4096900279982947,5,48,55808,16367.470222142994,632,114,61,971,13,0,0,0,0,36703,c6d5,-8,-44,-8,-44,36.0,36.0,0.494,0.4505,0.04349999999999998,0.04349999999999998,False,False,False,c6d5 a5a6 e5g6 f4g3 b7a6 c3d5 f6d5 d4c6 d8b6 b3d5 c8e6 b2b4,c8g4 f2f3 g4d7 g1h1 f6d5 c3d5 c6d5 b3d5 d8f6 d4b3 d7b5 f4e5
fen_0019,fen_suite,training/data/test_fens_60.txt,r1bqr1k1/pp3pp1/2p2n1p/P1bPn3/3N1B2/1BN5/1PP2PPP/R2Q1RK1 b - - 0 1,no_selectivity,c8g4,timed,3.403761616005795,4,48,53760,15794.290571701562,256,0,0,0,0,0,0,0,0,35588,c6d5,-8,-44,-8,-44,36.0,36.0,0.494,0.4505,0.04349999999999998,0.04349999999999998,False,False,False,c6d5 a5a6 e5g6 f4g3 b7a6 c3d5 f6d5 d4c6 d8b6 b3d5 c8e6 b2b4,c8g4 f2f3 g4d7 g1h1 f6d5 c3d5 c6d5 b3d5 d8f6 d4b3 d7b5 f4e5
fen_0019,fen_suite,training/data/test_fens_60.txt,r1bqr1k1/pp3pp1/2p2n1p/P1bPn3/3N1B2/1BN5/1PP2PPP/R2Q1RK1 b - - 0 1,conservative,c8g4,timed,3.401675388973672,4,48,52859,15539.107632474073,293,6,3,36,0,2873,0,0,25776,33988,c6d5,-8,-44,-8,-44,36.0,36.0,0.494,0.4505,0.04349999999999998,0.04349999999999998,False,False,False,c6d5 a5a6 e5g6 f4g3 b7a6 c3d5 f6d5 d4c6 d8b6 b3d5 c8e6 b2b4,c8g4 f2f3 g4d7 g1h1 f6d5 c3d5 c6d5 b3d5 d8f6 d4b3 d7b5 f4e5
fen_0020,fen_suite,training/data/test_fens_60.txt,3r1rk1/pb5p/npq1pbp1/5p2/2PBp3/PP2P1N1/B2RQPPP/3R2K1 b - - 0 1,baseline,f6d4,timed,3.406098078994546,5,-33,56217,16504.809519928687,514,173,81,1115,15,5757,0,0,0,34467,e6e5,+76,-57,76,-57,133.0,133.0,0.629,0.4325,0.1965,0.1965,False,False,False,e6e5 d4a1 d8d2 e2d2 a6c5 b3b4 c5d3 g3e2 g8g7 e2c3 f8d8 d2e2,f6d4 d2d4 d8d4 e3d4 a6c7 b3b4 c7e8 e2b2 c6c7 g3e2 f5f4 d4d5
fen_0020,fen_suite,training/data/test_fens_60.txt,3r1rk1/pb5p/npq1pbp1/5p2/2PBp3/PP2P1N1/B2RQPPP/3R2K1 b - - 0 1,no_null,f6d4,timed,3.4238252579816617,5,-33,52224,15253.11488320112,827,0,0,1875,14,4491,0,0,0,32752,e6e5,+76,-57,76,-57,133.0,133.0,0.629,0.4325,0.1965,0.1965,False,False,False,e6e5 d4a1 d8d2 e2d2 a6c5 b3b4 c5d3 g3e2 g8g7 e2c3 f8d8 d2e2,f6d4 d2d4 d8d4 e3d4 a6c7 b3b4 c7e8 e2b2 c6c7 g3e2 f5f4 d4d5
fen_0020,fen_suite,training/data/test_fens_60.txt,3r1rk1/pb5p/npq1pbp1/5p2/2PBp3/PP2P1N1/B2RQPPP/3R2K1 b - - 0 1,null_safe,f6d4,timed,3.4129508470068686,5,-33,49152,14401.613795026062,608,42,32,905,14,2390,0,0,0,30866,e6e5,+76,-57,76,-57,133.0,133.0,0.629,0.4325,0.1965,0.1965,False,False,False,e6e5 d4a1 d8d2 e2d2 a6c5 b3b4 c5d3 g3e2 g8g7 e2c3 f8d8 d2e2,f6d4 d2d4 d8d4 e3d4 a6c7 b3b4 c7e8 e2b2 c6c7 g3e2 f5f4 d4d5
fen_0020,fen_suite,training/data/test_fens_60.txt,3r1rk1/pb5p/npq1pbp1/5p2/2PBp3/PP2P1N1/B2RQPPP/3R2K1 b - - 0 1,null_no_endgame,f6d4,timed,3.408894991996931,5,-33,55040,16145.994561057913,479,168,75,1115,15,5757,0,0,0,33714,e6e5,+76,-57,76,-57,133.0,133.0,0.629,0.4325,0.1965,0.1965,False,False,False,e6e5 d4a1 d8d2 e2d2 a6c5 b3b4 c5d3 g3e2 g8g7 e2c3 f8d8 d2e2,f6d4 d2d4 d8d4 e3d4 a6c7 b3b4 c7e8 e2b2 c6c7 g3e2 f5f4 d4d5
fen_0020,fen_suite,training/data/test_fens_60.txt,3r1rk1/pb5p/npq1pbp1/5p2/2PBp3/PP2P1N1/B2RQPPP/3R2K1 b - - 0 1,no_lmr,f6d4,timed,3.4062579599849414,5,-33,56576,16609.429075726875,405,220,113,0,0,8740,0,0,0,33936,e6e5,+76,-57,76,-57,133.0,133.0,0.629,0.4325,0.1965,0.1965,False,False,False,e6e5 d4a1 d8d2 e2d2 a6c5 b3b4 c5d3 g3e2 g8g7 e2c3 f8d8 d2e2,f6d4 d2d4 d8d4 e3d4 a6c7 b3b4 c7e8 e2b2 c6c7 g3e2 f5f4 d4d5
fen_0020,fen_suite,training/data/test_fens_60.txt,3r1rk1/pb5p/npq1pbp1/5p2/2PBp3/PP2P1N1/B2RQPPP/3R2K1 b - - 0 1,lmr_safe,f6d4,timed,3.4115462609915994,5,-33,59648,17484.153939821623,552,150,60,238,0,9525,0,0,0,34717,e6e5,+76,-57,76,-57,133.0,133.0,0.629,0.4325,0.1965,0.1965,False,False,False,e6e5 d4a1 d8d2 e2d2 a6c5 b3b4 c5d3 g3e2 g8g7 e2c3 f8d8 d2e2,f6d4 d2d4 d8d4 e3d4 a6c7 b3b4 c7e8 e2b2 c6c7 g3e2 f5f4 d4d5
fen_0020,fen_suite,training/data/test_fens_60.txt,3r1rk1/pb5p/npq1pbp1/5p2/2PBp3/PP2P1N1/B2RQPPP/3R2K1 b - - 0 1,no_futility,f6d4,timed,3.4080244909855537,5,-33,64256,18854.32460064806,470,164,72,1094,15,0,0,0,0,38176,e6e5,+76,-57,76,-57,133.0,133.0,0.629,0.4325,0.1965,0.1965,False,False,False,e6e5 d4a1 d8d2 e2d2 a6c5 b3b4 c5d3 g3e2 g8g7 e2c3 f8d8 d2e2,f6d4 d2d4 d8d4 e3d4 a6c7 b3b4 c7e8 e2b2 c6c7 g3e2 f5f4 d4d5
fen_0020,fen_suite,training/data/test_fens_60.txt,3r1rk1/pb5p/npq1pbp1/5p2/2PBp3/PP2P1N1/B2RQPPP/3R2K1 b - - 0 1,no_selectivity,d8d4,timed,3.402445899002487,4,-24,61184,17982.35793196231,703,0,0,0,0,0,0,0,0,36082,e6e5,+76,-178,76,-178,254.0,254.0,0.629,0.0165,0.6125,0.6125,False,False,False,e6e5 d4a1 d8d2 e2d2 a6c5 b3b4 c5d3 g3e2 g8g7 e2c3 f8d8 d2e2,d8d4 e3d4 c6d6 b3b4 a6c7 d2c2 f8d8 e2e1 h7h5 g3e2 h5h4 a3a4
fen_0020,fen_suite,training/data/test_fens_60.txt,3r1rk1/pb5p/npq1pbp1/5p2/2PBp3/PP2P1N1/B2RQPPP/3R2K1 b - - 0 1,conservative,f6d4,timed,3.4098879959783517,5,-33,63488,18618.793366491285,634,42,32,220,0,4643,0,0,19908,35735,e6e5,+76,-57,76,-57,133.0,133.0,0.629,0.4325,0.1965,0.1965,False,False,False,e6e5 d4a1 d8d2 e2d2 a6c5 b3b4 c5d3 g3e2 g8g7 e2c3 f8d8 d2e2,f6d4 d2d4 d8d4 e3d4 a6c7 b3b4 c7e8 e2b2 c6c7 g3e2 f5f4 d4d5
